id,Q1_a,Q1_b,Q1_c,Q1_d,Q1_e,Q1_f,Q1_g,Q1_h,Q1_i,Q1_j,Q1_k,Q1_l,Age_Recoded,Marital_Status_Recoded,Education_Recoded
1,3,3, ,5,1,3,5,5,5,4,5,4,3,1,2
2, , ,4, , , , ,4, , , ,4,2,1,1
3,5,5,3,2,3,1,5,5,2,2,4,5,1,1,5
4,5,3,5,5,4,4,4,5,5,4,5,5,2,1,3
5,5,5,4,4,4,5,5,5,5,4,5,4,4,1,2
6,5,3,5,4, ,3,5,5,4,5,5,5, , , 
7,5,4,5,5,3,3,5,5,5,5,5,5,1,1,3
8,4,4,3,4,3,3,4,4,4,3,4,4,2,1,6
9,5,3,5,5,4,4,5,5,5,3,5,5,2,1,3
10,4,4,3,3,1,4,5,5,4,2,4,4,2,1,5
11,4,4,3,4,1,4,5,4,4,3,4,4,3,1,6
12,5,3,4,4,3,3,4,4,3,2,2,4,2,1,3
13,4,2,4,4,4,4,4,4,3,4,3,4,3,1,2
14,4,4,4,4,4,4,4,4,3,3,3,4,1,1,5
15,5,4,4,4,1,3,5,4,4,3,3,4,4,1,5
16,4,4,4,5,2,4,5,5,4,3,3,5, , , 
17,5,4,4,5,3,3,5,4,4,3,4,4,2,1,5
18,4,3,4,4,5,4,4,4, , ,4,4,4,1,5
19,5,3,5,5,1,4,4,4,4,4,4,4, , , 
20,4,4,4,5,1,2,5,5,5,5,5,5,3,2,1
21,4,4,3,2,1,3,2,2,1,2,1,5,3,1,3
22,4,4,5,5,1,4,5,5,5,4,5,5,4,2,1
23,5,3, , , , , , , , , ,5,4,1,1
24,5,3,4,3,3,4, ,4,4,4,4,4,3,2,6
25,1,3,2,2,2,1,5,5,5,3,3,5,2,1,6
26,5,3,2,2,5,1,5,2,2,2,2,5,3,1,5
27,5,4,5,4,2,3,5,5,5,3,4,5,3,1,3
28,5,3,5,4,4,5,5,5,5,4,5,5,2,1,3
29,5,5,5,5,5,5,5,5,5,5,5,5,3,2,2
30,5,3,4,4,1,4,4,4,4,3,4,4,1,1,5
31,3,3,3,2,2,2,3,3,4,3,2,4,4,1,4
32,4,5,1,3,1,3,4,5,5,2,4,4,4,1,1
33,5,4,3,4,3,2,4,4,4,3,4,4,2,1,3
34,4,4,4,4,4,4,5,5,5,5, ,5,3,1,1
35,5,5,5,5,1,5,5,5,5,5,5,5,2,1,2
36,4,3,4,4,3,5,5,5,5,4,5,5,2,1,5
37, ,5, ,5, , ,5, , , ,5,5,4,1,2
38,5,4,5,5,3,5,5,5,5,5,5,5,2,1,6
39,4,3,4,3,1,4,4,4,1,2,3,4,3,1,5
40,5,3,5,4,2, , , , , , , ,4,1,6
41,4,3, ,4, ,4,5,3,4,2,3,4,4,1,2
42, , , , , , , , , , , , ,4,1,2
43,5,5,4,4,3,4,4,3,3,3,3,4,2,1,3
44,1,4,4,3,4,3,2,3,3,4,4,4,2,1,4
45,4,5,3,3,3,4,4,3,3,2,3,4,3,1,6
46,5,5,2,2,1,1,5,4,4,3,3,5,4,1,5
47,4,5,4,5,4,3,4,3,3,4,3,4,3,1,3
48,3,3,3,3,1,3,3,4,5,2,2,4,3,1,2
49, , , , , , , , , , ,5,5, , , 
50,5,5,5,5,5,5,5,5,5,5,5,5,4,1,1
51,5,5,5,5,5,5,5,5,5,5,5,5,2,1,1
52,4,3,3,3,1,2,3,3,3,4,3,4,3,1,1
53,5,3,5,3,2,3,5,5,3,3,3,5,4,1,2
54,4,3,4,3,3,4,4,4,3,3,2,4,2,1,5
55,5,4,5,5,4,4,5,5,5,4,4,5,2,2,5
56,5,5,5,5,5,5,5, ,3,3,2,5,1,1,5
57,4,3,3,3,1,3,4,1,4,1,4,5,4,1,3
58,4,3,4,4,4,4,4,4,4,4,4,4, ,1,4
59,5,3,4,4,1,4,4,5,4,4,4,4,3,1,6
60,5,4,4,4,1,5,5,5,5,4,5,5,4,1,3
61, ,5, , , , , , , , , , ,3,1,2
62,5,5,5,5,5,5,5,5,5,5,5,5, , , 
63,4,3,5,5,2,3, ,5,4,3,3,5,3,1,3
64,5,5,5,5, , ,5,5,5,5,5,5,3,1,3
65,5,3,4,5,3,4,5,5,5,4,5,4,2,1,6
66,4,4,4,5,3,4,5,5,5,4,4,4,1,2,4
67,5,3,4,4, ,4,5,4,5,4,3,5,1,1,4
68,5,3,4,4,2, ,4,4,4,4,5,5,4,1,5
69,4,4,3,4,5,3,3,4,3,4,1,4,1,1,5
70,4,4,2,4,3,2,4,4,2,3,2,4,2,2,2
71,4,4,5,4,4,5,3,3,3,4,3,4, ,1,3
72,4,4,4,4,3,3,5,5,5,3,4,5,3,1,5
73,5,5,4,4,2,2,5,5,5,5,3,5,3,1,2
74,5,3,3,4,1,3,4,4,4,4,3,5,2,1,5
75,4,3,4,5,3,3,4,4,4,5,4,5,3,1,5
76,4,4,1,4,1,1,4,3,4,1,3,4,4,1,2
77, ,4,2,2, , , , , , ,4,5,3,1,1
78,1,4,4,4,3,3,4,4,4,3,3,4,2,1,5
79,4,3,4,4,3,2,5,4,4, ,4,4,3,2,5
80,4,3,4,4, ,3,4,4,3,3,3,5,4,1,6
81,4,4,4,4,3,4,4,4,4,4,4,4,1,1,6
82,4,4,4,3,3,3,5,5,5,3,4,4,3,1,5
83,5,4,4,3,3,3,5,5,4,4,4,5,2,1,3
84,4,3,3,2,2,3,3,3,2,2,3,3,3,1,3
85,3,4,3,3,1,1,5,5,5,3,3,5,3,1,6
86,3,4,4,3,1,3,2,2,2,2,2,5,2,1,2
87,5,5,5,5,3,3,4,5,5,4,5,5,4,1,5
88,4,3,4,4,3,3,5,5,5,3,4,5,3,1,4
89,4,5,3,5,2,3,4,5,5,4,4,4,1,1,2
90,4,4,3,4,2,3,4,4,4,5,4,4,3,2,3
91,5,5, , , , , , , , , ,5, ,1,2
92,5,3,3,1,3,1,3,3,3,3,3,5,3,1,2
93,5,5,5,5,5,5,3,3,2,3,1,5,1,1,3
94, , , , , , , , , , , , ,4,1,2
95,5,5,4,5,1,4,4,4,1,4,1,4,3,1,4
96, , , , , , , , , , , , ,4,1,3
97,5,5,5,5,5,4,5,5,5,5,4,5,2,1,3
98,5,2,4,4,4,3,5,5,5,4,5,5,2,1,3
99,5,3,4,4,4,4,5,5,5,4,4,4,4,1,6
100,5,3,4,4,1,3,4,4,4,4,3,4,4,1,1
101,5,5,3,5,5,3,5,5,3,3,3,5,4,2,4
102,3,4,3,3,3,4,3,3,2,3,2,4,1,1,6
103,5,5,5,5,3,4,5,5,5,5,4,5,3,1,5
104, ,3,3,3,2,2,4,4,4,3,3,4,3,2,2
105, , , , , , , , , , , , ,4,1,3
106,5,4,4,4,1,4,4,4,4,3,4,5,4,2,2
107,5,4,4,5,5,4,4,5,3,3,3,5,1,1,5
108, , , , , , , , , , , , ,3,1,3
109,5,4,5,5,4,4,3,3,3,3,3,5,3,1,3
110,5,3,5,4,3,5,5,4,5,4,4,4,1,2,3
111,4,5,5,3,4,2,4,4,4,2,2,4,2,1,5
112,4,5,5,3,2,4,4,4,5,5,5,5,3,1,3
113,4,5,4,4,3,4,4,5,5,5,4,5,1,1,3
114,4,4,4,5,1,1,5,5,5,1,4,5,3,2,3
115,4,4,4,4,3,3,4,4,4,3,4,4,3,2,1
116,4,4,4,4,1,4,4,4,4,4,4,5,4,1,6
117,4,5,3,3,3,4,5,5,5,3,5,4,4,1,2
118,5,3,4,4,3,4,5,4,5,4,5,4,2,1,6
119,5,4,4,4,4,4,4,4,4,4,4,5,4,1,4
120,5,5,4,5,2,5,5,5,5,5,5,5,3,2,4
121,5,5,4,4,3,3,5,5,4,4,4,4,2,1,2
122, , , , , , , , , , , , ,4,1,6
123,1,1,1,1,1,1,1,1,1,1,1,1,3,1,6
124,4,4,4,4,2,4,2,4,3,2,2,3,3,1,1
125,5,3,4,3,3,4,5,5,2,4,2,5, , , 
126,5,5,5,5,5,5,5,5,5,5,5,5,3,1,3
127,5,3,4,5,3,3,5,5,5,3,3,5,2,2,3
128,5,5, ,5,5,5,5, ,5,5,5,5,1,1,3
129,5,4,4,4,3,4,4,3,3,1,3,4,4,1,3
130,5,3,5,5,4,4,4,4,4,4,4,5,4,1,1
131,5,4,4,4,3,2,5,5,5,4,4,5,2,1,1
132,4,3,4,3,1,3,4,3,3,3,3,4,2,1,5
133, ,4,3,3,1,4,4,4,3,4,3,4,3,1,4
134,4,4,4,4,4,4,4,4,4,4,4,4,3,1,3
135,5,4,4,3,5,4,3,3,3,3,2,4,3,1,6
136, ,1,1,1, , , ,1, , , ,1,4,1,3
137,1, , ,1,1,1,1,1,1,1,1,5,3,1,5
138,4,4,4,4,4,4,4,4,3,5,4,4,1,1,3
139,4,3,4,5,1,3,5,5,5,5,5,5,3,1,3
140,3,3,3,3,3,3,3,3,3,3,3,3,4,1,4
141,5,3,4,4,3,4,5,5,5,4,5,5,2,1,5
142,5,5,5,5,1,3,5,5,5,5,5,5,3,1,5
143,4,3,4,4,2,2,4,3,3,3,4,4,3,1,6
144,5,1,1,1,1,1,5,1, ,1,1,3,3,2,3
145,4,3,4,4,3,4,4,4,4,3,3,4,2,1,4
146,5,3,3,4,1, , ,5,5,3,5,5,4,1,1
147,5,5,4,4,1,1,5,4,3,4,4,5,4,2,6
148,3,3,3, ,1,2,5, ,4,4,4,5,3,1,5
149,4,4,3,4,3,4,4,5,4,4,4,5,3,1,2
150,5,4,4,4,3,4,5,4,4,4,4,4,4,1,6
151,3,3,3,3,1,3,3,2,4,3,3,3,3,2,5
152,5,5,5,4,2,3,5,5, ,3,4,5,2,1,2
153, , , , , , , , , , , , ,4,1,4
154,4,4,4,4,3,4,4,5,5,4,4,4,3,1,3
155,5,3,2,4,1,3,5,3,3,1,3,4,4,1,5
156,5,4,3,4,4,4,5,4,3,3,3,5,2,1,3
157,5,5,5,5,3,3,5,5,5,3,4,5,1,1,6
158,1,5,1,1,5,1,3,3,4,1,1,5,2,1,6
159,5,4,4,5,5,4,5,5,5,5,4,5,2,1,3
160,5,5,5,1,1,1,4,2,2,2,2,5,3,1,6
161, ,4,4,4, , ,5,5,4,3,3,5,4,1,6
162,4,3,5,5,1, ,5,5,5,5,5,5,3,1,4
163, ,4,4,5,2,3,3,5,2,2,2,4,3,1,5
164,5,5,5, , ,5,5,5,5,5,5,5,1,1,5
165,5,5,5,5,5,5,5,5,5,5,5,5,4,1,2
166,4,4,4,3,1,2,4,4,4,3,4,4,2,1,6
167,4,4,4,2,1,1,4,5,5,3,4,5,4,2,4
168,5,5,5,5,1,5,5,5,5,5,5,5,2,1,6
169,5,4,4, ,3,4,4,5, ,4,3,5, , , 
170,5,4,3,2, ,3,5,5,5,4,5,5,3,1,6
171,4,4,4,4,3,4,4,5,3,4,3,5,3,1,6
172,4,3,4,4,4,4,4,4,4,4,4,4,3,2,3
173,4,3,3, ,1,3,4,4,4,3,3,4,3,1,3
174,3,4,4,4,4,4,5,4,2,2,2,4,3,1,2
175,3,3,5,5,5,5,2,5,3,3,4,5,2,1,6
176,4,3,3,5,3,3,5,3,4,3,3,4,3,1,5
177,4,4,4,4, , ,4,4,4, ,4,4,4,2,5
178,4,3,4,4,3,4,5,4,5,4,5,4,2,1,5
179,4,4,4,4,2,4,5,5,5,4,4,4,3,1,5
180,5,3,5,5,4,5,5,5,5,3,3,5,3,1,5
181,4,3,2,4,2,3,4,4,4,3,3,4,2,2,6
182,5,4,4,4,1,4,4,4, ,4,3,4,2,1,5
183,3,3,3,3,1,2,3,4,4,3,4,4,2,1,2
184,4,4,4,4,4,2,3,4,3,4,3,5,4,2,3
185, , , , , , , , , , , , ,4,1,2
186,4,3,4,5,1,4,4,4,5,2,4,4,1,1,6
187,5,3,1,3,1,1,5,5,5,4,5,5,4,1,3
188,4,4,4,4,3,4,4,4,4,4,4,4,3,1,3
189,5,4,3,1,3,5,5,3,4,3,5, ,2,1,1
190, , , , , , , , , , , , ,2,1,2
191,4,4,4,3,3,3,4,4,1,3,2,5,4,1,3
192, , , , , , , , , , , , ,4,1,3
193,3,5,3,5,5,3,5,5,3,3,4,5,1,1,3
194,5,3,2,4,3,1,5,4,4,3,3,5,3,1,2
195,3,3,3,4,2,3,3,3,4,3,3,4,4,1,6
196,4,3,3,4,1,2,4,4,4,3,4,4,4,1,3
197,4,4,4,5,4,4,5,5,5,4,4,5,3,1,2
198,5,4,4,5,3,4,5,5,5,4,5,5,2,1,4
199,4,4,4,4,1,3,4,5,4,3,4,4,4,1,1
200,4,3,3,3,2,3,4,4,3,3,3,4,4,1,1
201,5,4,2,5,2,3,5,5,4,3,3,5,3,1,3
202,5,3,2,2,2,4,4,4,4,2,4,4,2,1,3
203,5,5,4,3,3,3,3,3,3,4,3,4,2,1,6
204, , , , , , , , , , , , ,4,1,5
205,3,4,5,4,4,5,3,3,2,3,2,4,2,1,2
206,5,5,5,5,1,3,5,5,4,3,4,5,2,1,2
207,4,3,3,4,5,4,5,4,4,4,4,4,2,1,3
208, ,5,3,3,5,5,2,1,1,3,1,5,2,1,5
209,5,5,4,3,2,2,3,4,4,3,3,5,4,2,2
210,4,4,3,4,3,3,4,4,3,3,3,4,3,2,4
211,4,4,4,3,4,3,3,3,3,3,2,4,2,1,3
212,5,4,5,5,3,5,5,5,5,4,5,4,1,1,5
213,5, ,5,5,2,5,5,5,5,5,5,5,4,1,4
214, , , , , , , , , , , , ,3,1,4
215,4,4,4,4,2,4,4,4,2,3,2,4,2,1,4
216,4,5,3,4,5,4,5,4,1,1,2,4,1,1,6
217,4,4,4,4,1,3,5,4,4,3,5,5,2,1,3
218,5,3,2,5,1,1,5,4,4,2,3,4,2,1,3
219,4,4,4,5, , ,5, ,4, , ,5,3,2,2
220,5,4,3,4,1,4,5,4,5,3,4,4,3,1,6
221,5,5,4,4,1,3,3,4,3,3,1,5,4,1,3
222,5,4,4,4,3,3,5,5,4,4,3,5,2,1,4
223,5,5,4,4,4,4,4,4,4,4,4,5,2,1,2
224,5,5,5,5,3,5,5,3,5,5,3,5,2,1,5
225,5,4,4,4,3,4,4,4,4,4,4,4, ,2,4
226,3,4,4,4,4,4,4,4,3,3,3,4,2,1,1
227,4,4,5,5,3,4,5,5,5,5,4,5,2,1,2
228,5,3,2,1, ,2,5,5,4,4,3,5,1,1,6
229, , , , , , , , , , , , ,2,1,3
230,5,3,4,5,4,4,5,5,5,3,5,5,2,1,3
231,5,4,3,5,3,3,5,5,5,5,4,5,3,1,3
232, , , , , , , , , , , , ,3,1,6
233,5,5,3,5,1,1,5,4,5,3,5,5,3,1,6
234, , , , , , , , , , , , ,4,1,2
235,5,4,4,4,4,4,5,5,5,4,5,5,3,1,4
236,5,3,4,5,3,4, ,5,5,3,4,5,3,1,4
237,2,3,4,3,2,2,4,3,3,2,3,4,4,1,2
238,1,4,2,2,4,1,1,1,1,1,1,4,2,1,3
239,4,2,2,4, ,4,3,4,3,1,3,5,4,1,2
240,5,4,4,4,4,3,5,5,4,4,3,5,2,1,6
241,3,3,3,3,3,3,3,3,3,3,3,3,4,1,2
242,4,4,4,4,1,4,4,4,4,3,4,4,3,1,3
243,4,3,4,4,3,3,4,4,4,4,4,4,2,1,4
244,4,4,4,4, , ,4,4,4, ,4,4,4,1,4
245,5,3,3,3,1,5,4,4,4,4,2,5,3,1,6
246,1,5,2,2,2,1,1,1,1,1,1,5,2,1,5
247,5,4,4,4,4,3,4,5,5,4,4,4,4,1,3
248,5,4, ,3,2,2,2,4, ,3,3,4,3,1,3
249,5,4,4,4,2,3,5,5,3,3,3,5,3,1,6
250,4,3,3,4,1,2,5,5,5,2,5,5,3,2,3
251,5,5,4,4,3,4,5,5,4,4,3,5,2,1,3
252,4,5,4,4,1,1,1,5,4,1,1,5,3,1,5
253,1,4,4,4,4,3,2,3,2,1,3,4,4,1,3
254,5,5,5,5,5,5,5,5,5,5,5,5,2,1,4
255,4,4,3,3,2,3,4,4,4,4,3,4,4,1,3
256,4,4,4,4,4,4,5,5,5,4,5,4,2,1,3
257, , , , , , , , , , , , ,1,1,6
258,4,4,3,4,3,4,4,4,4,3,4,4,3,1,1
259,4,4,3,3,1,4,5,4,5,3,4,5,2,1,3
260,4,3,3,3,2,2,3,3,3,3,2,3,1,1,2
261,4,4,4,3,4,4,4,4,4,4,3,4,3,1,6
262,5,5,5,5,1,5,5,5,5,5,5,5,3,1,3
263,4,4,4,3,2,3,4,4,4,4,5,5,2,1,1
264,4,3,4,3,4,4,4,3,4,4,4,3,3,1,5
265,5,3,4,4,3,5,5,4,4,3,3,4,2,2,2
266,5,5,5,5,5,5,5,5,5,5,5,5,3,1,2
267,4,3,3,4,2,2,5,5,5,3,5,4,3,1,5
268,5,5,3,5,5,5,5,5,5,4,5,5,4,1,2
269,4,4,4,4, ,4, ,4,4,3,3,4,4,2,1
270,5,4,3,3,2,3,3,4,4,3,4,4,1,1,4
271,4,5,3,4,4,4,4,2,2,2,4,4,3,2,3
272,5,4,4,4,2,5,5,5,4,3,3,5,2,1,5
273,5,2,4,3,1,2,5,5,3,3,3,3,4,1,6
274,4,3,3,3,2,2,4,5,5,4,4,5,3,1,4
275,4,4,3,3,4,3,4,4,4,3,4,4,4,2,4
276,5,4,5,5,1,5,5,5,5,5,5,5,3,1,3
277,4,5,4,4,3,2,3,4,4,4,3,4,3, ,1
278,5,3,4,5,3,4,4,5,3,3,3,5,1,1,5
279,4,3,4,4,1,2,4,4,4,3,4,4,2,2,3
280,3, , , , , , , , , , , ,4,1,3
281,4,3,5,4,2,4,4,4,5,4,4,4,4,1,2
282,5,4,4,4,4,3,4,5,5,4,5,5,2,1,3
283,5,4,4,4,2,2,5,5,5,5,5,5,4,2,3
284,4,4,3,4,2,3,4,3,3,3,2,4, , , 
285, , , , , , , , , , , , ,3,1,1
286,5,4,4,5,3,3,5,4,5,3,4,5,3,1,6
287,4,4,4,4, , ,4,4,4,4,4,4,4,1,6
288,5,4,3,4,3,3,5,4,5,4,5,5,1,1,4
289,5,5,5,5,5,5,5,5,5,5,5,5,4,2,1
290,1,1,1,1,1,1,1,1,1,1,1,1,4,1,1
291,3,3,3,4,1,4,3,4,4,3,4,4,3,1,5
292, , , , , , , , , , , , ,4,1,1
293,4,4,4,4,2,4,5,5,5,3,4,5,2,1,2
294,4,4,4,4,4,4,5,5,5,5,5,5,3,1,4
295,4, , ,5, , ,5,5,5,5,3,5,4,2,3
296,5,5,5,5,1,3,5,5,5,5,4,5,3,1, 
297,4,3,3,4,1,3,4,4,4,4,3,4,3,1,3
298,5,4,3,5,3,4,5,5,5,3,3,4,2,1,3
299,3,3,1,4,1,1,3,4,4,4,3,4,4,1,6
300,5,5,4,4,1,4,5,5,4,4,3,5, ,1,2
301,4,3,4,4,3,4,4,4,3,3,4,4,1,1,3
302,4,4,3,2,4,5,5,5,3,3,2,5,1,1,5
303,5,5,3,4,3,4,4,4,4,4,2,4,1,1,5
304,4,5,4,4,4,4,5,4,4,4,4,5,3,1,5
305, , , , , , , , , , , , ,3,1,2
306,4,5,4,4,3,3,4,4,4,3,3,4, ,1,3
307,4,3,2,2,1,1,4,3,1,2,2,5,4,1,3
308,3,3,4,5,4,3,4,4,2,3,3,5,3,1,5
309,4,3,4,4,3,4,4,4,4,4,4,4,3,1,6
310,5,5, , ,5, ,5,5,5,3,4,5, ,2,1
311,5,2,3,3,1,1,5,5,5,4,5,5,3,1,5
312,4,4,4,4,3,4,4,5,5,4,4,4,3,1,5
313,4,4,4,4,5,5,4,4,2,3,2,5,1,1,3
314,5,3,3,3,1,4,4,4,3,2,3,5,4,1,3
315,4,3,3,4,2,3,4,4,4,3,4,4,3,1,3
316,5,5,3,3,3,3,4,4,3,3,2,4,1,1,6
317,5,4,5,4,3,4,5,5,5,5,5,5,2,1,3
318,5,3,4,4,1,2,4,4,4,4,4,4,4,1,3
319,5,5,5,5,5,5,5,5,5,5,5,5,3,1,2
320,5,4,4,4,2,4,5,4,5,2,5,5,3,1,5
321, , , , , , , , , , , , , , , 
322,4,3,3,4,4,4,3,4,4,4,4,4,2,1,3
323,3,3,3,4,3,3,4,5,5,4,5,4,4,1,3
324,4,3,3,4,2,2, ,4,3,3,3,4,4,1,2
325,4,4,4,4,1,4,5,4,5,3,4,5,3,1,4
326,5,4,4,4,2,3,4,3,4,3,2,4,3,1,5
327,5,2,5,4,1,4,3,5,4,2,4,4,3,2,3
328, , , , , , , , , , , , ,4,1,3
329,4,4,3,4,4,4,3,4,4,4,3,4,1,1,5
330,4,3,4,4,1,3,4,4,4,3,4,4,3,1,5
331,4,4,4,5,1,2,4,5,3,3,4,4,4,1,5
332,3,3,4,4,2,2,4,4,4,3,4,5,3,1,4
333, , , , , , , , , , , , ,4,1,6
334,4,4,3,4,1,2,4,4,4,3,4,4,4,1,5
335,5,3,5,5,1,3,5,5,5,5,5,5,2,1,5
336,4,4,4,5,3,3,4,4,5,4,3,4,2,1,1
337,5,3,5,5,1,5,5,5,5,3,5,5,3,1,4
338,5,3,4,4,2,2,5,5,5,2,4,4,2,1,6
339,5,4,4,3,3,3,4,4,4,4,4,5,3,1,3
340,4,4,4,4,1,4,4,4,4,4,4,4,3,1,3
341,4,3,4,3,2,3,4,4,4,4,4,4,4,1,3
342,4,3,3,4,2,3,5,4,5,3,5,5,2,1,5
343,5,4,3,5,3,3,5,5,5,3,4,5,3,1,3
344,5,4,5,5,4,5,5,5,5,3,4,5,3,1,6
345,5,3,3,4,1,3,5,5,5,5,3,5,2,2,2
346,5,3,2,3,4,4,2,2,1,2,1,3,1,1,4
347,4,4,4,5,5,5,5,5,5,5,4,5,2,1,4
348,5,4,1,1,1,1,5,5,5,1,4, ,3,1,6
349,5,4,4,4,3,3,5,5,3,3,3,5,3,1,3
350,3,3,3,4,2,3,3,4,4,3,4,4,4,1,4
351,5,4,4,2, ,4,4,4,4,4,4,5,3,2,3
352,5,4,4,3,3,3,3,1,1,3,1,4,1,1,6
353,4,3,3,4,1,4,4,5,3,3,4,4,3,1,3
354,4,3,4,3,2,4,4,5,5,4,4,4,2,1,5
355,5,4,4,4,2,3,5,4,4,4,4,4,2,2,4
356,5,3,5,4,3,5,5,5,5,3,4,4,1,1,5
357,5,5,5,5,5,5,5,5,5,5,5,5,2,1,3
358,5,5,5,5,3,5,5,5,5,5,5,5,2,1,3
359, , , , , , , , , , , , ,3,1,1
360,3,5,3,3,3,3,3,3,3,3,3,4,2,1,3
361,5,3,5,5,5,5,5,5,5,5,5,5,2,1,2
362,4,3,4,3,1,1,4,5,4,2,3,4,2,1,6
363,5,3,3,4,2,3,4,4,4,4,4,4,3,1,6
364,4,4,4,4,1,3,5,5,5,3,2,4,2,1,3
365,5,3,3,4, ,3,4,4,4,4,4,4,2,1,1
366,5,5,5,5,3,3,5,5,5,3,5,5,3,2,2
367,1,1,1,1,1,1,1,1,5,1,1,5,4,1,3
368,5,5,5,5,5,5,5,5,5,5,5,5,4,1,3
369,4,3,3,3,3,4,5,4,5,4,5,5,4,1,1
370,5,4,5, , ,5,5,5,5,1,5,5,3,1,2
371,3,3,2,3,1,2,4,3,2,3,3,3,1,1,3
372,4,3,3,5,3,2,5,1,4,4,4,4,4,1,5
373,4,4,5,3, ,4,4,4,4,4,4,4,2,1,2
374,4,4,4,5,2,3,5,4,4,3,4,4,3,1,5
375,5,5,5,5, , ,5,5,5, ,5,5,3,1,5
376,5,3,4,4,1,4,5,5,5,4,4,5,2,1,3
377,4,4,4,4,2,2,4,5,5,4,4,4,4,1,5
378,4,4,4,5,1,3,4,4,3,4,4,5,4,2,3
379,5,4,4,4,1,4,4,4,5,3,3,5,4,2,6
380,5,5,3,3,3,4,4,3,2,1,2,3,2,1,2
381,4,3,5,3, ,3,4,5,4,4,4,4,3, ,4
382,4,4,5,4,4,5,5,5,4,4,3,4,2,1,5
383,5,5,5,5,5,5,5,5,5,5,5,5,3,1,1
384,1,5,1,1,1,1,1,1,3,1,1,5,4,1,1
385,5,4,5,4,4,5,5,5,5,4,5,4,2,1,6
386,4,3,4,4, ,2,4,4,4,4,3,4,3,1,2
387,5,5,4,4,3,4,5,5,3,2,3,5,1,2,5
388,5,3,4,4,3,3,3,4,4,3,3,5,4,1,2
389,4,4,4,5,2,3,3,3,3,4,3,4,2,1,4
390,4,5,4,5,4,4,5,5,4,4,4,5,4,1,2
391,4,4,4,4,1,3,4,4,4,4,4,4,4,1,1
392,5,4,4,4,5,5,3,3,3,4,2,5,3,1,6
393,4,5,4,4,3,4,5,5,4,4,4,5,3,1,3
394,5,3, ,4,3,4,5,5,5,4,5,4,3,1,2
395,4,4,3,4,2,3,4,4,4,4,4,4,3,1,2
396,5,3,3,3,2,3,5,5,4,4,4,4,4,1,5
397,1,5,5,5,5,5,5,5,5,1,5,5,2,1,4
398, , , , , , , , , , , , ,3,1,3
399,5,4,4,3,1,4,5,5,5,3,3,5,2,1,4
400,4,4,4,4,3,3,4,4,4,3,3,5,3,2,5
401,4,4,4,4,4,4,4,4,4,4,4,4,2,1,2
402,5,1,5,5,2,5,5,5,5,4,5,5,1,1,3
403, , , , , , , , , , , , ,3,1,3
404,4,4,4,4,3,3,4,4,4,4,3,4,4,2,4
405,4,4,4,4,4,4,4,4,4,4,4,4,4,1,5
406,4,4,4,4,4,4,4,4,4,4,4,4,2,1,2
407,4,5,4,5, ,5,4,5,5,3,3,5,4,1,3
408, , , , , , , , , , , , ,1,1,3
409,5,3, ,5, ,5,5,5,5,3,4,5,2,2,5
410,5,3,4,4,5,4,4,5,4,3,2,3,1,1,6
411,4,3,4,4,5,4,5,5,5,4,3,5,1,1,3
412,5,5,5,5,5,5,5,5,5,5,5,5,4,1,2
413, ,5, , , , , , , , , , ,3,1,2
414,4,3,4,4,2,3,4,4,4,3,4,5,1,1,6
415,5,4,4,4,1,4,4,4,5,4,5,4,3,2,2
416,4,5,3,5,1,3,4,4,2,3,4,5,2,2,2
417,5,5,5,5,3,3,5,5,5,5,5,5,4,1,3
418,2,3,1,2,1,1,2,1,1,3,2,2,4,1,6
419, , , , , , , , , , , , ,4,1,1
420,4,2,2,2,1,1,5,5,5,5,5,5,4,1,1
421,3,3,3,4,3,5,3,5,3,3,3,5,1,1,5
422,4,3,3,4,2,2,4,4,4,4,4,4,3,1,5
423,5,3,2,3,3,4,3,3,3,2,3,3,2,1,5
424,5,3,4,4,3,3,4,5,2,2,4,5,4,1,4
425,5,4,5,5,4,5,5,5,5, ,5,5,2,2,2
426,3,5,3,4,3,2,3,3,2,2,2,3,4,1,3
427,5,3,3,3,2,2,5,4,3,3,3,4,2,1,6
428,5,3,4,5,3,4,5,5,5,4,5,5,1,1,2
429,5,5,5,5, ,4,5,4,4,3,4,4,4,2,4
430,5,5,5,5,5,5,5,5,5,5,5,5,1,1,6
431,5,3,4,4,1,4,5,5,3,5,3,5,3,1,6
432,5,5,3,4, ,4, ,4,5,3,4,4,4,1,2
433,4,4,4,5,5,3,5,5,5,5,5,5,2,2,5
434,5,5,5,5,5,5,5,5,5,5,5,5,4,1,4
435,4,5,2,5,2,4,5,5,4,2,1,5,3,1,5
436,4,1,4,5,3,5,5,5,5,5,5,5,1,1,5
437,4,4,5,5,1,5,5,5,5,5,5,5,4,1,2
438,4,5,5,5,3,4,5,5,5,5,5, ,2,1,6
439, , , , , , , , , , , , ,3,1,2
440,5,4,5,4,4,3,5,5,5,5,5,5,3,1,2
441,5,4,5,4,4,4,5,5,5,4,5,5,2,1,3
442,4,3,4,5,4,4,5,5,5,3,4,5,1,1,3
443,5,3,4,4,3,4,5,5,5,4,3,5,2,2,6
444,4,3,2,3,2,3,3,3,2,2,2,3,2,1,4
445,4,4,4,5,3,3,5,5,5,3,5,5,1,2,2
446, ,3,3, ,1, , , ,3,3,1,4, ,2,2
447,3,3, , , , , , , , , ,3,4,1,3
448,5,4,4,4,1,4,4,5,4,2,4,4,4,2,1
449,5,3,4,4,2,3,4,4,4,3,4,5,3,1,5
450,4,4,4,5,3,4,4,4,4,4,4,4,3,1,2
451,2,2,3,3,1, ,3,3,4,3,4,5,4,2,6
452,4,4,3,5,1,4,5,5,5,5,5,5,4,1,5
453,1,3,1,4,1,1,4,1,3,1,4,4,3,1,5
454,5,5,5,5,4,4,5,5,4,4,5,5,1,1,3
455,3,5,5,4,1,4,5,5,5,5,5,5,4,2,1
456,5,3,4,5,2,4,5,5,5,3,5,5,3,1,3
457,4,4,1,4,1,1,1,3,3,3,3,4,4,2,2
458,5,3,4,3,1,3,4,5,4,3,4,5,4,2,4
459,2,5,4,3,3,3,2,2,2,2,3,4,3,1,3
460,2,2,3,3,3,3,4,3,2,2,3,3,4,1,3
461,4,4,3,4,4,3,3,4,4,4,4,4,4,1,2
462,4,5,5,4,1,2,4,4,1,1,1,5,3,1,3
463,5,3,5,5,4,4,5,5,5,3,3,5,2,1,5
464, ,3,3,4,3,3,5,5,5,3,4,4,3,1,1
465,5,3,5,5,1,4,5,5,5,4,5,5,3,1,2
466,5,4,5,4,3,4,5,4,3,3,3,5,4,1,5
467,5,5,4,4,1,1,4,4,2,3,1,5, , , 
468,5,4,4,4,2,4,5,5,5,3,4,4,1,1,2
469,5,4,4,4,1,4,4,4,4,4,4,5,2,1,3
470,4,4,4,3,4,4,4,4,4,3,2,4,2,1,2
471,5,5,5,5,2,4,5,5,5,4,5,5,3,1,2
472,5,4,4,4,3,4,5,4,3,2,2,3,1,1,5
473,5,5,5,5,5,5,5,5,5,5,5,5,3,2,2
474,4,4,4,4,1,4,5,4,4,3,3,4,3,1,2
475,1,1,1,1,1,1,1,1,1,1,1,1,3,1,5
476,5,3,4,4,2,2,4,4,4,3,4,4,4,1,3
477,4,2,4,4,4,3,4,4,4,3,4,5,2,1,2
478,5,4,4,4,2,4,5,4,4,2,4,5,3,1,6
479,5,4,4,4,1,4,5,5,5,4,5,5,3,2,2
480,5,3,3,3,3,3,5,5,5,4,4,5,3,1,3
481,5,4,3,5,5,3,3,4,4,4,3,3,2,1,3
482,3,3,3,4,2,2,4,4,4,3,4,4, , , 
483,4,4,4,4,4,4,4,4,4,4,4,4,3,1,3
484,4,4,4,4,2,2,4,4,4,2,2,5,2,1,2
485,5,4,5,5,5,4,5,5,4,5,5,5,1,1,6
486,4,4,4,4,1,2,3,4,3,3,3,3,1,1,3
487,5,3,4,4,1,1,4,4,4,1,5,5,4,1,3
488,5,4,4,5,1,1, ,5,5,4,4,5,4,1,6
489,5,5,5,5,3,5,1,3,1,1,1,5,2,1,3
490,5,5,4,5,4,4,5,5,5,4,4,5,2,1,3
491,5,4,4,4,2,4,5,5,4,3,4,4,2,1,1
492,4,2,1,1,1,1,2,3,4,1,2,3,4,1,3
493,5,5,5,5,3,3,5,5,5,5,5,5,3,1,4
494,4,3,4,3,2, ,4,4,4,4,4,3,3,1,3
495,4,4,4,5,4,4,5,5,5,5,5,5,4,1,3
496,4,4,4,4,3,3,4,4,4,4,4,5,4,2,3
497,3,3,3,3,1,2,4,3,4,2,3,4,4,1,5
498,5,4,5,5,3,2,5,5,5,4,5,5,2,1,5
499,4,2,4,3,3,3,4,4,4,3,4,5,4,1,3
500,5,1,5,5,5,5,5,5,5,5,4,5,3,1,5
