"","earn","height","sex","race","ed","age"
"1",79571.299011024,73.89,"male","white",16,49
"2",96396.9886433106,66.23,"female","white",16,62
"3",48710.666947391,63.77,"female","white",16,33
"4",80478.0961525837,63.22,"female","other",16,95
"5",82089.3454983326,63.08,"female","white",17,43
"6",15313.3529014342,64.53,"female","white",15,30
"7",47104.1718212293,61.54,"female","white",12,53
"8",50960.0542820731,73.29,"male","white",17,50
"9",3212.6495560539,72.24,"male","hispanic",15,25
"10",42996.6378844038,72.4,"male","white",12,30
"11",10328.6188426045,70.22,"male","white",16,69
"12",1002.30715511839,63.15,"female","white",14,54
"13",47597.8198637099,68.11,"male","white",11,38
"14",19019.5422985066,68.08,"male","white",12,31
"15",20063.9966387225,64.86,"female","white",12,55
"16",992.832346303227,60.06,"female","white",12,31
"17",35972.1711232638,66.01,"female","white",16,39
"18",26930.5439643451,68.07,"male","white",12,62
"19",64602.0639724231,68.16,"female","white",14,33
"20",69993.6930698179,70.02,"male","white",13,48
"21",1000.21830625211,67.08,"female","white",9,25
"22",12131.8221152514,64.2,"female","black",12,59
"23",84223.3979186057,72.76,"male","black",13,39
"24",8949.47493547637,62.17,"female","white",13,55
"25",23278.3232780607,63.04,"female","white",14,25
"26",8750.13918500201,66.67,"male","white",14,26
"27",64593.5998054014,65.95,"female","white",12,45
"28",54079.8149454029,71.69,"male","white",12,49
"29",16896.1000435301,62.76,"female","black",12,39
"31",43938.8576046547,64.07,"female","white",16,64
"32",1004.09561369181,60,"female","white",12,48
"33",79478.0468181047,71.97,"male","white",16,42
"34",984.761813301634,68.25,"female","white",12,59
"35",65237.7700476547,76.68,"male","white",16,37
"36",978.872090839732,63.77,"female","white",10,23
"37",24845.4285917486,63.96,"female","white",14,29
"38",40754.1029736281,63.72,"female","white",12,37
"39",119251.055119839,71.92,"male","white",17,43
"40",42933.0122551917,68.12,"male","white",17,35
"41",20088.3114644238,64.48,"female","white",12,30
"42",12924.2239977829,60.94,"female","white",14,82
"43",48693.4797964477,67.19,"female","black",14,35
"44",34383.101849067,65.05,"female","white",12,61
"45",43928.4198331574,64.17,"female","white",14,30
"46",5782.248948451,66.49,"female","white",15,69
"47",40758.5577226173,65.58,"female","white",12,34
"48",39162.8754520925,64.93,"female","white",12,45
"49",51896.846670074,67.02,"female","white",18,33
"50",16905.1408589265,67.49,"female","white",17,34
"51",1000.99111084442,70.03,"female","white",12,61
"52",18497.8538930071,60.61,"female","hispanic",12,25
"53",30740.47803689,64.92,"female","white",13,36
"54",32803.4426895406,62,"female","white",12,33
"55",5529.47149841489,72.16,"male","white",10,22
"56",20594.711211041,66.35,"male","black",8,60
"57",39816.5002027645,70.09,"male","white",12,69
"58",33327.5987832144,70.05,"male","white",17,45
"59",55067.7931193718,68.49,"female","white",17,53
"60",10545.4502477035,60.13,"female","white",12,69
"61",26979.2976737281,71.15,"male","white",12,32
"62",55634.1696790621,70.77,"male","white",12,36
"63",6380.09148122974,72.87,"male","white",13,22
"64",23264.3741899011,68,"female","white",14,59
"65",16918.2189161501,65.64,"female","white",12,61
"66",39676.2644997822,68.74,"male","white",16,33
"67",994.133503863912,63.02,"female","white",8,67
"68",26420.8322535518,62.8,"female","white",14,31
"69",986.449291094241,65.99,"female","black",13,34
"70",986.993627550926,64.66,"female","white",12,30
"71",25550.7559075621,62.04,"male","hispanic",14,32
"72",27235.2680173859,64.24,"female","white",14,47
"73",7354.05363222349,63.82,"female","white",9,72
"74",7101.32415873714,66.95,"female","white",9,56
"75",35041.7055007873,71.28,"male","white",12,43
"76",1318.87555348029,59.63,"female","white",16,57
"77",42343.3439688464,66.34,"female","white",16,31
"78",4985.24601643037,66,"female","white",15,25
"79",28022.6386657665,65.49,"female","white",14,43
"80",13729.6720245917,69.96,"female","white",13,26
"81",991.599966272541,64.79,"female","white",13,67
"82",20074.7729832596,66.35,"female","white",13,72
"83",16901.6558792008,62.09,"female","white",12,51
"84",16899.2184171763,65.83,"female","white",15,71
"85",999.338097135203,63.78,"female","white",14,42
"86",23831.5316537746,71.81,"male","white",12,43
"87",4812.71528146838,67.12,"female","hispanic",8,43
"88",47742.1252747604,68.19,"male","hispanic",12,36
"89",47655.590724269,69.76,"male","white",12,37
"90",16892.6857012084,61.91,"female","white",12,42
"91",8934.46253020389,63.29,"female","white",13,30
"92",20099.9218436585,65.48,"female","white",13,67
"93",32803.3025937337,69.75,"female","white",10,65
"94",32811.8623722485,68.09,"female","white",12,40
"95",31765.8967813837,70.21,"male","white",14,27
"96",1001.00043870299,65.99,"female","white",12,63
"97",2907.2064170387,66.23,"female","white",12,24
"98",2115.67589682381,67.79,"female","white",16,36
"99",31884.9092385098,69.94,"male","white",16,31
"100",16905.0220799872,60.75,"female","hispanic",12,26
"101",48686.3352313777,62.9,"female","white",12,77
"102",64606.3235215003,63.47,"female","white",14,60
"103",39751.1940297085,67.14,"male","white",12,93
"104",16881.7141614142,60.66,"female","white",17,83
"105",96382.8900908101,69.55,"female","white",18,67
"106",986.228613755399,63.46,"female","white",12,25
"107",29618.8251244886,67.83,"female","white",12,70
"108",26500.2429561617,64.39,"female","white",12,37
"109",24854.9727381481,67.01,"female","black",14,34
"110",15885.5195104926,68.79,"male","white",17,27
"111",53463.6223523582,67.05,"female","white",13,47
"112",29627.8222039787,67.83,"female","white",12,34
"113",24843.1748606049,63.03,"female","white",12,41
"114",33438.2100886863,70.97,"male","white",12,26
"115",34374.0790977282,63.91,"female","black",17,47
"116",58834.1668506326,68.22,"male","white",11,41
"117",61429.1854058301,68.43,"female","white",17,48
"118",28014.7345560315,65.53,"female","hispanic",14,47
"119",981.65670365787,66.13,"female","white",12,33
"120",996.182111287872,66.31,"female","other",16,36
"121",50924.6583604247,77.12,"male","white",16,34
"122",44729.6150466756,67.17,"female","white",12,62
"123",27223.3656953101,62.11,"female","white",12,48
"124",1007.70988015799,64.5,"female","white",17,34
"125",996.828601796463,71.96,"female","white",12,55
"126",40750.0226434449,67.42,"female","white",18,39
"127",43929.4541868987,61.17,"female","white",18,47
"128",8949.67101572717,63.6,"female","white",12,32
"129",112309.660734072,61.91,"female","white",16,42
"130",8939.55497630854,62.83,"female","white",12,44
"131",7932.57103394049,67.83,"male","white",16,28
"132",32800.8023474806,63.71,"female","white",15,30
"133",6359.00598305609,71.36,"male","white",15,25
"134",96383.0764233227,64,"female","white",16,39
"135",8967.87647229583,60.96,"female","white",13,35
"136",47691.8764601662,74.21,"male","white",12,42
"137",111283.259406706,70.25,"male","white",14,39
"138",79481.9408160514,71.08,"male","white",16,45
"139",70960.3420883276,62.85,"female","white",12,43
"140",48722.16771983,63.61,"female","white",14,47
"141",997.891112569392,62.03,"female","white",16,36
"142",16912.1555694825,62.08,"female","white",16,44
"143",37573.2990727913,70.15,"female","white",17,46
"144",1005.10722008903,62.1,"female","white",12,43
"145",71548.0876578581,70.76,"male","white",17,66
"146",23878.8111841365,71.04,"male","white",14,35
"147",7344.95757908863,69.86,"female","white",14,75
"148",26877.8701780781,67.02,"male","white",14,35
"149",48708.525626797,64.16,"female","white",12,36
"150",44711.1395351231,67.09,"female","white",12,34
"151",10044.7225146099,62.1,"female","white",8,73
"152",29611.1767650406,61.76,"female","hispanic",13,60
"153",68256.8967140838,67.95,"male","black",13,48
"154",51888.9713088147,62.5,"female","black",14,48
"155",995.46575719133,66.19,"female","black",5,55
"156",16887.1457287969,68.16,"female","black",18,60
"157",95449.6102254534,74.23,"male","white",13,49
"158",34383.7045204962,68.07,"female","other",12,54
"159",4807.83133117883,61.74,"female","white",16,26
"160",2587.63185305423,65.9,"female","white",15,32
"161",42922.5679351389,68.18,"male","white",12,31
"162",11485.9945183583,60.18,"female","hispanic",14,32
"163",25447.465302014,67.55,"male","white",8,47
"164",143095.852138569,72.09,"male","white",12,30
"165",13720.5053672839,66.27,"female","white",12,46
"166",31829.2883253981,67.86,"male","white",10,36
"167",24858.2269938452,67.47,"female","white",12,22
"168",20078.9661907246,69.1,"female","white",12,64
"169",39165.2382046526,64.15,"female","white",16,50
"170",32794.5406477114,65.02,"female","white",14,43
"171",31207.4500897519,61.19,"female","white",12,50
"172",15970.26222705,71.89,"male","white",12,53
"173",64610.3579806432,66.19,"female","white",16,38
"174",991.628909680612,61.91,"female","white",10,61
"175",995.090910576791,59.91,"female","hispanic",10,52
"176",39783.9469489965,67.85,"male","white",14,68
"177",39684.6241268197,70.08,"male","white",12,28
"178",39724.6811008388,71.13,"male","white",14,36
"179",30201.5172441044,71.51,"male","white",16,65
"180",70051.7508949032,68.28,"male","white",16,52
"181",1007.95714596412,65.81,"female","white",12,23
"182",1012.93115242453,63.07,"female","white",18,59
"183",24854.2035992486,60.32,"female","white",14,53
"184",28036.2730849519,63.06,"female","white",12,40
"185",38198.250803332,67.61,"male","white",12,60
"186",37585.5211136113,63.65,"female","white",12,41
"187",20628.2955187112,70.44,"male","white",12,78
"188",103375.877816366,67.81,"male","white",16,50
"189",12129.4641155017,60.95,"female","white",12,67
"190",63635.6570881354,67.78,"male","white",18,67
"191",24843.7543318963,66.4,"female","white",17,47
"192",31795.5788124066,69.7,"male","white",16,29
"193",31852.2062255474,70.62,"male","white",12,54
"194",32804.6545498774,64.76,"female","white",12,46
"195",40747.1407845328,66.06,"female","white",12,53
"196",77889.5763942784,69.9,"male","white",13,41
"197",1010.19089949095,63.84,"female","white",12,40
"198",1009.69186942175,63,"female","white",16,39
"199",40750.8830526368,61.39,"female","white",12,69
"200",18480.6824537285,66.26,"female","white",14,61
"201",26423.1293431361,60.8,"female","white",15,42
"202",55572.0362132959,72,"male","white",14,47
"203",198835.433852258,74.22,"male","white",18,49
"204",37566.5366877765,66.83,"female","white",12,51
"205",28022.2375146568,66.01,"female","white",16,32
"206",1016.49101336236,62.09,"female","white",13,35
"207",43933.83836836,62.21,"female","white",12,45
"208",111301.925090235,72.23,"male","white",14,36
"209",56639.2874902506,65.17,"female","white",15,51
"210",16899.2307482988,60.07,"female","white",12,66
"211",56646.5578023636,61.91,"female","white",15,43
"212",24858.2973709503,66.01,"female","white",12,42
"213",20065.3040015574,64.06,"female","white",12,43
"214",12641.1483677478,71.01,"male","white",12,72
"215",13742.373319619,65.32,"female","white",12,54
"216",55575.0908182266,73.15,"male","white",18,54
"217",71500.598919884,68.92,"male","white",11,55
"218",997.072456516123,64.04,"female","white",12,62
"219",24845.7392111286,64.09,"female","white",14,26
"220",24831.1444642002,61.37,"female","white",12,81
"221",39143.607661738,67.06,"female","white",18,55
"222",40770.5860160793,61.68,"female","white",13,36
"223",40764.7785489312,62.82,"female","black",14,58
"224",31727.703584918,66.64,"male","other",10,32
"225",39154.2544457864,67.86,"female","white",12,28
"226",69902.4752117052,72.3,"male","white",16,50
"227",109708.748822754,69.94,"male","white",12,42
"228",98535.1068275004,69.96,"male","white",18,48
"229",50919.6738042205,67.17,"male","black",14,36
"230",32810.0439602876,62.83,"female","black",12,37
"231",51892.9423880023,65.68,"female","other",18,39
"232",40756.069498211,65.9,"female","white",17,54
"233",270275.894207949,71.07,"male","white",18,49
"234",1001.22511774436,66.07,"female","black",11,33
"235",55728.5899158062,66.9,"male","white",16,37
"236",63516.2793540724,76.48,"male","black",16,42
"237",52438.922964203,68.71,"male","white",14,34
"238",29615.6153757967,65.41,"female","white",12,26
"239",48695.6588978653,61.92,"female","white",13,47
"240",42341.7892935171,61.97,"female","white",12,35
"241",8962.40245588917,61.72,"female","white",12,25
"242",32800.6355705226,62.29,"female","white",16,77
"243",28011.6417041634,60.95,"female","white",12,34
"244",51878.8132937651,65.16,"female","white",14,32
"245",23868.1473946433,72,"male","white",14,26
"246",981.194900092476,65.92,"female","white",17,45
"247",79510.340661361,72.13,"male","white",14,59
"248",13722.141363414,63.85,"female","white",12,43
"249",63693.4110882131,71.29,"male","white",14,55
"250",63610.4749987873,72.43,"male","white",15,45
"251",52085.5294649461,65.85,"male","white",12,38
"252",32803.4792304162,65,"female","white",14,73
"253",58230.5879236984,64.9,"female","black",15,43
"254",10542.8902094512,61.48,"female","white",12,68
"255",20095.5458305818,65.97,"female","black",14,38
"256",95430.6104210465,66.78,"male","white",14,67
"257",64613.0668228329,64.3,"female","white",13,48
"258",69383.4258503022,63.28,"female","white",12,42
"259",72549.3620022462,67.36,"female","white",16,38
"260",10522.9175006923,67.83,"female","white",18,43
"261",13718.4543920556,64.51,"female","other",10,86
"262",32796.9508717817,63.87,"female","black",13,43
"263",27064.549819231,66.1,"male","black",12,27
"264",4182.39423494047,65.48,"female","white",12,36
"265",103364.476394143,64.43,"male","white",12,32
"266",79469.6826737892,72.13,"male","white",12,45
"267",998.682558355125,67.92,"female","white",11,58
"268",998.684495526987,62.69,"female","white",11,33
"269",18477.7803339031,67.83,"female","white",12,42
"270",55628.230922933,74.41,"male","white",18,34
"271",42838.8607714631,63.1,"male","white",12,37
"272",6565.33123484257,63.75,"female","white",12,65
"273",66836.7602543026,68.19,"male","white",12,41
"274",32800.535842363,66.94,"female","white",18,33
"275",24847.4675748411,66.65,"female","white",12,33
"276",15859.5314446913,72.86,"male","white",12,25
"277",1003.64167432293,62.21,"female","white",12,52
"278",9490.29690448586,69.22,"male","white",8,82
"279",28032.1868635186,64.95,"female","hispanic",16,27
"280",55589.0943127064,68.9,"male","hispanic",16,69
"281",44516.112502923,77.02,"male","white",14,32
"282",24848.5150235251,68.07,"female","white",12,37
"283",32819.8518440008,62.2,"female","white",17,28
"284",32807.4666688853,64.07,"female","white",12,33
"285",16671.5011254779,66.55,"male","hispanic",12,46
"286",20550.1150385843,70.19,"male","white",16,26
"287",16894.1454216893,62.2,"female","white",12,56
"288",5768.92665868558,62.71,"female","white",12,41
"289",39157.5819181736,61.99,"female","white",14,33
"290",998.503387403771,62.81,"female","white",17,45
"291",28024.6010138162,68.84,"female","white",13,39
"292",18494.0961370381,64.28,"female","white",12,52
"293",1028.7967089839,64.52,"female","white",14,41
"294",51883.97214454,68.63,"female","white",14,44
"295",28035.1640643814,59.06,"female","white",15,30
"296",5764.82640107653,66.36,"female","other",12,39
"297",1000.43844737019,64.97,"female","white",12,45
"298",4330.56327434975,62,"female","black",12,25
"299",5042.87288471185,75.18,"male","black",11,38
"300",28044.017605739,62.99,"female","white",17,30
"301",48696.6894978227,65.03,"female","white",13,32
"302",23793.5962873794,70.02,"male","white",12,36
"303",39169.7206103304,68.32,"female","white",16,46
"304",16889.5158551673,65.01,"female","white",14,71
"305",79469.6524162958,69.22,"male","white",8,57
"306",79521.0309906084,71.7,"male","white",16,57
"307",32811.1171608666,63.65,"female","white",17,53
"308",48692.7045921071,62.84,"female","hispanic",18,58
"309",1000.81650997941,63.41,"female","white",12,67
"310",1019.52175123961,65.4,"female","white",10,52
"311",986.055083445869,63.07,"female","white",5,62
"312",35986.0131003784,73.2,"female","white",14,49
"313",42903.3817816247,74.77,"male","white",12,28
"314",7363.89520150288,65.14,"female","white",12,42
"315",28828.8892012243,66.55,"female","white",17,30
"316",27220.0746330027,65.93,"female","white",14,32
"317",45524.391056089,63.91,"female","white",16,43
"318",83682.9635299098,66.1,"female","white",18,54
"319",24854.2862407647,63.68,"female","white",16,33
"320",31210.0450199533,62.71,"female","white",13,36
"321",998.792806987374,62.75,"female","white",13,48
"322",42834.4504315573,72.72,"male","white",12,27
"323",23793.0568258544,72,"male","white",8,62
"324",1004.68819257564,66.06,"female","white",12,28
"325",23873.5673156157,71.94,"male","white",14,37
"326",24035.958990178,63.9,"female","white",12,59
"327",39149.8127118589,64.24,"female","white",13,34
"328",28581.7197594866,68.16,"male","white",15,40
"329",7351.36224357467,61.96,"female","white",12,72
"330",7350.34389591184,68.48,"female","white",13,61
"331",2098.28255691469,59.46,"female","white",12,40
"332",39169.7501351968,64.79,"female","white",12,95
"333",42926.3869579729,76.09,"male","white",12,43
"334",20091.4931673901,71.41,"female","white",12,39
"335",35985.2005008923,62.08,"female","white",18,51
"336",48698.2042696945,62.21,"female","white",13,40
"337",55616.9724786137,71.55,"male","white",12,65
"338",31836.5309592245,73.79,"male","white",12,46
"339",51897.557115687,65.16,"female","white",16,36
"340",10565.080348061,62.79,"female","other",12,35
"341",20084.3631443331,66.52,"female","white",12,43
"342",989.32483001483,65.05,"female","white",16,48
"343",16893.650618774,62.93,"female","white",12,35
"344",2583.37635997833,65.01,"female","white",12,22
"345",20057.9469932086,63.83,"female","white",15,75
"346",26434.5356297357,65.19,"female","white",12,40
"347",990.632829899077,67.9,"female","white",16,45
"348",40730.7869181018,62.87,"female","white",16,37
"349",40751.8595966049,69.96,"female","white",12,31
"350",50933.4879483364,68.62,"male","white",12,34
"351",55621.9374127112,66.75,"male","white",14,47
"352",10538.8367190333,65.05,"female","white",12,32
"353",127210.627675111,69.39,"male","white",14,48
"354",32799.5880325174,67.7,"female","white",14,29
"355",2598.33597751564,66.37,"female","white",17,42
"356",44502.6875350514,71.38,"male","hispanic",13,42
"357",41290.7032034576,63.87,"male","hispanic",16,27
"358",42946.1384264164,74.16,"male","white",12,28
"359",29617.1242132711,61.92,"female","white",13,45
"360",4203.92493626903,64.84,"female","white",12,63
"361",31774.6724028254,69.09,"male","white",12,70
"362",10547.6593411727,66.08,"female","white",16,52
"363",998.222937309824,60.16,"female","white",10,72
"364",39793.2360685558,66.6,"male","white",11,67
"365",19083.0662723967,72.94,"male","white",12,33
"366",982.603707126398,65.13,"female","white",18,30
"367",19019.4383518021,76.02,"male","white",12,61
"368",47621.5506990729,70.14,"male","white",14,80
"369",1002.02789557595,64.18,"female","white",12,34
"370",7352.90609561772,63,"female","black",15,26
"371",42344.141216902,62.96,"female","black",13,41
"372",36597.1185121691,70.04,"male","black",12,39
"373",33372.9363140627,71.27,"male","white",12,37
"374",40755.6601213819,65.19,"female","white",12,66
"375",28578.7772496041,69.48,"male","white",16,79
"376",7372.74244873303,63.48,"female","white",13,48
"377",39006.1541350665,64.11,"female","white",12,26
"378",56653.7613128414,63.44,"female","white",18,44
"379",41312.4117058859,67.15,"male","white",14,34
"380",39767.884119698,65.82,"male","white",16,40
"381",38374.9264949555,68.18,"female","white",13,31
"382",20079.9007989922,64.7,"female","white",12,26
"383",24856.3852622375,66.85,"female","white",12,24
"384",4771.49798475468,72.62,"male","white",17,27
"385",10538.599791571,63.68,"female","white",12,71
"386",22284.6898628754,70.77,"male","white",12,73
"387",24851.1945376469,63.17,"female","white",16,35
"388",278213.531775569,71.05,"male","white",16,52
"389",1012.72857450333,62.7,"female","white",12,55
"390",1605.96493256327,72.85,"male","white",18,29
"391",16899.9838545566,64.92,"female","white",14,67
"392",71575.5885980481,65.94,"male","white",13,86
"393",24854.2581843483,66.21,"female","white",12,85
"394",32804.552369449,59,"female","white",13,45
"395",55626.7507266474,69.9,"male","white",16,34
"396",63619.6597966112,71.96,"male","white",16,32
"397",56660.0517213774,64.27,"female","white",12,76
"398",80491.7059230187,65.48,"female","white",16,58
"399",159001.929910422,69.42,"male","white",18,61
"400",55744.0702635899,69.09,"male","white",13,32
"401",1019.39370328577,65.85,"female","white",12,55
"402",39166.0892107678,68.19,"female","white",12,39
"403",994.954167707421,64.15,"female","white",12,34
"404",1016.64167481653,63.06,"female","white",12,64
"405",55597.0775538434,73.86,"male","white",17,47
"406",60429.4216733453,72.55,"male","white",16,78
"407",47666.4694402061,67.35,"male","white",12,56
"408",8958.40683258562,64.3,"female","hispanic",12,43
"409",235388.719222562,66.72,"male","white",18,42
"410",47782.4465201032,69.45,"male","white",12,36
"411",11338.9470357351,63.76,"female","white",15,35
"412",5765.71378324095,61.71,"female","white",16,41
"413",986.455165422203,65.94,"female","white",8,57
"414",36713.0878336217,69.45,"male","white",18,73
"415",63544.160094039,67.69,"male","white",17,45
"416",47713.2746225333,71.77,"male","white",14,43
"417",998.346114761212,63.09,"female","white",14,33
"418",23257.5590577062,63.09,"female","white",12,41
"419",24843.7923614691,68.86,"female","white",12,38
"420",42347.4010321721,63.75,"female","white",18,40
"421",13720.5614863724,71.45,"female","white",12,29
"422",39159.796830908,63.98,"female","black",16,31
"424",1013.27147701205,62.27,"female","white",12,29
"425",988.758787012582,65.93,"female","white",10,42
"426",8181.73028203835,65.8,"male","white",8,71
"427",16889.8103273437,60.72,"female","white",15,29
"428",1016.50273906467,69.1,"female","white",13,23
"429",20100.2642571535,68.3,"female","white",16,36
"430",999.845388435426,65.9,"female","white",12,27
"431",79521.0347468327,67.87,"male","white",17,38
"432",37551.8483983486,63.61,"female","white",13,30
"433",1016.37310656959,61,"female","white",16,44
"434",63578.5962735478,65.98,"male","black",14,38
"435",10543.6518922358,61.86,"female","black",13,30
"436",8955.40314951583,64.86,"female","black",16,34
"437",174917.848536018,65.81,"male","white",18,41
"438",65089.763788033,72.05,"male","hispanic",13,36
"439",37562.8527389814,62.95,"female","white",13,82
"440",1000.54221572545,63.1,"female","white",12,36
"441",33354.9444670964,69.91,"male","white",12,27
"442",7358.5069793707,62.02,"female","white",12,33
"443",39763.7660650055,71.11,"male","white",12,40
"444",47665.4186748928,69.84,"male","white",18,50
"445",23255.7192646579,64.04,"female","white",11,55
"446",10546.2705351933,63.34,"female","white",12,39
"447",23266.3819801947,65.03,"female","white",12,50
"448",68461.3756361159,70.81,"male","white",12,31
"449",40750.2315198708,61.87,"female","white",15,37
"450",63533.925247467,73.05,"male","white",12,70
"451",103313.622213574,67.86,"male","white",17,44
"452",25439.9094368504,76.18,"male","white",15,36
"453",13715.9034686946,65.99,"female","white",12,75
"454",32795.5150089862,64.02,"female","white",15,43
"455",23259.2826084242,60.01,"female","white",14,76
"456",71637.552888116,67.86,"male","white",12,78
"457",13712.7662216597,61.18,"female","white",11,76
"458",19065.5179466674,66.13,"male","white",12,32
"459",13735.4075238793,63.02,"female","white",14,35
"460",26440.4988768348,62.85,"female","white",15,36
"461",9579.8456488705,73.86,"male","white",15,77
"462",30173.6300852123,69.92,"male","white",12,36
"463",34396.1596986703,68.26,"female","white",13,43
"464",69369.6365028672,69.64,"female","white",18,50
"465",55664.3998002978,69.15,"male","white",15,25
"466",12747.0423371962,69.42,"male","white",10,79
"467",34385.4430522478,62.74,"female","white",14,45
"468",10233.0797957323,65.15,"female","white",12,34
"469",27082.7070995351,68.85,"male","white",12,50
"470",38087.3220223372,68.15,"male","white",14,53
"471",8935.97929440994,62.14,"female","white",11,75
"472",18489.6235991451,65.91,"female","white",12,27
"473",15920.5922048939,65.15,"male","white",13,31
"474",63608.3668031832,70.11,"male","white",14,40
"475",993.515449224117,66,"female","black",12,41
"476",63604.6309830045,70.06,"male","white",12,51
"477",39163.5186521581,66.36,"female","black",14,33
"478",38187.4073424178,68.23,"male","white",16,30
"479",31761.6801664963,67.77,"male","white",16,37
"480",95330.5448443733,69.87,"male","white",18,54
"481",18482.8594515788,65.28,"female","white",13,51
"482",8950.51549317265,63.91,"female","white",15,44
"483",43919.1420419723,64.88,"female","white",16,34
"484",141452.613413474,77.21,"male","white",16,45
"485",63665.5948402963,70.36,"male","white",14,32
"486",24859.8151722343,64.15,"female","white",16,30
"487",2581.0429400068,63.83,"female","white",14,24
"488",998.726796716888,62.04,"female","white",12,32
"489",35995.1803431969,64.2,"female","white",12,64
"490",20086.1754557979,63.93,"female","white",8,52
"491",35968.8432808826,63.09,"female","white",16,32
"492",64581.9520540544,57.94,"female","black",12,60
"493",994.323952930143,66,"female","white",12,62
"494",64599.9564039253,62.1,"female","white",16,48
"495",995.486049534476,60.97,"female","white",13,46
"496",56649.7673340898,63.61,"female","hispanic",14,57
"497",12129.4184092628,64.22,"female","white",12,32
"498",23257.4531814882,61.35,"female","white",12,41
"499",24849.2645102664,64.06,"female","white",12,60
"500",997.060240519208,66.31,"female","black",14,35
"501",10536.8164690924,66.3,"female","white",13,38
"502",18491.4632477733,68.48,"female","black",12,45
"503",16894.8715844397,63.71,"female","white",13,35
"504",1004.08167170771,62.42,"female","white",12,63
"505",31776.7508647511,71.11,"male","white",14,45
"506",12132.2731355026,62.1,"female","white",12,77
"507",60439.3840685454,67.95,"male","white",9,50
"508",46075.0353918281,67.96,"male","white",9,62
"509",32794.3325793405,62.48,"female","white",10,48
"510",13726.4773008127,63,"female","white",12,61
"511",57180.2849042573,69.28,"male","white",16,55
"512",3396.41078804734,67.46,"female","white",12,48
"513",67766.0710226514,63.84,"female","white",18,33
"514",39705.6238023595,69.96,"male","white",12,26
"515",20670.4756812433,69.3,"male","white",10,24
"516",47728.0991250952,69.4,"male","black",11,55
"517",11260.2857898754,69.05,"male","white",12,27
"518",50295.0102290679,59.96,"female","black",12,52
"519",24861.2188259363,66.62,"female","black",12,46
"520",987.153288063948,59.86,"female","white",18,45
"521",79449.0780155172,66.77,"male","white",16,53
"522",7902.16681412268,66.39,"male","white",15,24
"523",1955.16818716443,69.87,"female","black",12,22
"524",23250.1981515703,63.89,"female","black",8,55
"525",64598.4562971162,59.72,"female","other",18,39
"526",38212.8861850698,68.14,"male","white",18,40
"527",35071.3664810722,73.49,"male","black",12,28
"528",31732.0084520613,71.98,"male","white",8,40
"529",32973.46426248,63.69,"female","white",12,42
"530",19100.6126796045,66.85,"male","white",13,71
"531",66201.6869744607,66.88,"female","white",13,44
"532",20636.4454407762,70.68,"male","black",9,54
"533",1016.75164962538,63.23,"female","white",12,29
"534",95424.9084378097,73.21,"male","white",16,35
"535",38084.9099393145,69.94,"male","white",16,29
"536",60380.5619633035,69.85,"male","white",16,40
"537",5781.36536737211,71.49,"female","white",14,31
"538",21666.0178506817,66.05,"female","white",12,34
"539",7893.44745525963,75.04,"male","white",12,25
"540",32801.7096211093,59.83,"female","white",14,41
"541",34894.9420985275,71.97,"male","white",12,32
"542",990.366789688609,63.08,"female","black",16,27
"543",44509.7431378579,75.11,"male","black",9,59
"544",35983.4557169327,59.68,"female","white",12,45
"545",47725.9251418864,72.54,"male","black",12,48
"546",48687.901309322,64.93,"female","black",12,36
"547",47617.1421807931,67.12,"male","white",16,35
"548",51881.1137290279,60.77,"female","white",12,73
"549",42328.8007934413,69,"female","white",17,47
"550",35974.9467608756,64.05,"female","white",14,38
"551",39662.96205847,70.18,"male","white",12,37
"552",18481.473822349,68.24,"female","white",10,28
"553",21658.7263654599,62.09,"female","white",12,57
"554",16913.3676793106,64.15,"female","white",15,46
"555",1002.3923362722,67.76,"female","white",12,28
"556",20068.0607328364,68.05,"female","white",12,49
"557",56.3781338622286,66.18,"male","white",13,61
"558",12123.3789274287,64.22,"female","white",11,68
"559",90527.2378218376,72.92,"male","white",14,41
"560",57196.6301938738,73.38,"male","white",16,41
"561",46069.1445429611,68.71,"male","hispanic",14,33
"562",13727.1703803878,67.87,"female","white",13,23
"563",4831.58925740444,71.34,"male","black",11,22
"564",990.536028389992,63.2,"female","white",12,68
"565",32809.7265515796,66.19,"female","white",16,45
"566",995.475488386213,65.81,"female","white",12,40
"567",52457.2959876668,66.22,"male","white",12,61
"568",24864.5362144608,68.26,"female","hispanic",12,72
"569",25420.1296221833,69.66,"male","white",12,37
"570",8949.60197006944,62.17,"female","white",12,82
"571",13733.774868634,65.98,"female","white",14,47
"572",51874.5737440326,63,"female","black",16,38
"573",23102.781191952,74.97,"male","white",12,28
"574",21676.2738975494,66.86,"female","white",12,33
"575",1008.33879197347,62.22,"female","white",10,24
"576",12134.4467282926,63.24,"female","white",9,29
"577",80502.5320404378,65.44,"female","black",18,69
"578",20075.1124669118,68.84,"female","black",12,39
"579",30282.4673070547,71.33,"male","white",14,65
"580",15324.3810807192,62.23,"female","white",12,59
"581",32794.1983616288,64.92,"female","black",12,39
"582",87392.6632009754,72.34,"male","hispanic",18,39
"583",16890.3326960442,65.12,"female","white",12,44
"584",21661.0075017285,62.9,"female","white",12,23
"585",32809.6662173545,64.34,"female","white",13,35
"586",47708.8917890766,71.9,"male","white",12,30
"587",20074.666638086,64.39,"female","white",12,38
"588",42347.1664095893,70.17,"female","white",13,37
"589",20882.6809309634,65.09,"female","white",12,31
"590",13706.6343035933,64.38,"female","white",12,33
"591",24851.8480250879,64.12,"female","hispanic",16,36
"592",103274.093507014,67.05,"male","white",14,29
"593",39730.4007784177,73.13,"male","white",10,25
"594",12735.5841473359,73.06,"male","hispanic",14,25
"595",23877.3476332195,65.08,"male","other",14,25
"596",20079.3061155936,64.49,"female","white",16,44
"597",56642.756541816,66.91,"female","black",13,41
"598",63557.9760687751,66.58,"male","white",16,35
"599",46114.9940451608,74.49,"male","white",12,26
"600",24856.1676094287,62.84,"female","white",13,35
"601",31818.6236230481,74.17,"male","white",12,40
"602",4706.62072409605,73.86,"male","black",6,66
"603",2596.37371508954,63,"female","black",16,23
"604",13711.4490881715,62.37,"female","black",11,27
"605",8962.85062670136,61.96,"female","white",12,22
"606",40751.6454536098,66.75,"female","white",16,31
"607",31860.2747237421,69.1,"male","white",12,61
"608",47719.3361845415,73.1,"male","white",12,38
"609",20084.3187707433,63.03,"female","white",12,39
"610",1009.5439125996,60.19,"female","white",12,38
"611",16895.3990352936,67.24,"female","white",14,36
"612",25455.211936639,68.73,"male","white",12,23
"613",71550.4036773232,70.95,"male","white",12,33
"614",63567.3694572935,72.35,"male","white",14,58
"615",991.402309767381,62.95,"female","white",12,66
"616",39688.5905654115,70.55,"male","white",14,85
"617",31203.6566167839,63.75,"female","white",14,56
"618",28969.5085549037,64.52,"female","white",16,34
"619",11052.2685502736,68.13,"male","white",12,71
"620",47697.1018967501,74.14,"male","white",12,36
"621",29620.4026862233,62.11,"female","white",11,51
"622",40743.0231380484,64.81,"female","white",16,51
"623",1001.39285180773,66.42,"female","white",14,59
"624",10535.5109396086,59.93,"female","white",5,66
"625",111355.582492486,68.96,"male","white",18,46
"626",24855.0354935343,61.2,"female","other",16,38
"627",40753.3280697748,65.17,"female","white",17,37
"628",56670.3273867862,65.88,"female","white",16,32
"629",28615.2800070585,70.22,"male","white",16,28
"630",44568.5809689135,72.07,"male","black",15,34
"631",24860.3637743202,63.94,"female","hispanic",11,25
"632",34957.1221747868,71.36,"male","hispanic",14,32
"633",1007.21194874105,62.74,"female","white",12,33
"634",55693.8337608029,72.86,"male","white",12,34
"635",29624.8547880902,64.52,"female","black",15,50
"636",55760.7664723291,67.86,"male","white",14,41
"637",27068.2291862713,63.7,"female","black",12,25
"638",34920.5390609967,66.03,"male","black",16,41
"639",48697.0600361851,67.18,"female","white",16,62
"640",28032.2062659646,64.07,"female","hispanic",12,31
"641",40745.341702208,64.09,"female","black",14,40
"642",16899.7657635547,61.94,"female","white",12,55
"643",63679.4040953726,69.43,"male","white",12,41
"644",20859.1253422943,62.89,"female","white",12,67
"645",55622.579497519,71.29,"male","white",15,49
"646",984.500213531472,61.15,"female","hispanic",16,27
"647",166981.025077615,75.23,"male","white",12,53
"648",159024.205461937,70.35,"male","white",18,44
"649",33381.7739759541,68.61,"male","white",12,55
"650",16898.5850156759,63.93,"female","white",14,60
"651",52454.8022134593,72.05,"male","white",12,30
"652",41354.4324383427,68.64,"male","white",18,29
"653",96398.2293678427,62.95,"female","white",10,82
"654",28625.3297430993,71.44,"male","white",16,49
"655",24843.1804714277,58.97,"female","white",8,65
"656",8031.69997754504,68.31,"male","white",13,24
"657",95370.5559507232,76.73,"male","white",17,46
"658",20078.7017904862,67.96,"female","white",14,73
"659",44610.2025899329,70.28,"male","black",18,42
"660",66786.5507838122,69.29,"male","white",18,47
"661",4194.42425623004,63.43,"female","white",12,37
"662",31855.1033379246,73.14,"male","black",18,37
"663",44600.1770620232,66.41,"male","other",15,44
"664",15997.5455999182,72.1,"male","black",17,66
"665",69.6914927913448,65.97,"male","white",16,69
"666",49365.2190022763,72.29,"male","black",12,35
"667",28014.3209098335,69.15,"female","black",13,41
"668",26427.6756161573,67.11,"female","white",12,43
"669",56644.6466978089,65.88,"female","white",15,42
"670",5775.40581158023,67.13,"female","white",12,30
"671",26443.0930466471,68.29,"female","white",18,43
"672",56659.1888329205,64.77,"female","black",15,46
"673",43928.4164617031,62.55,"female","black",17,37
"674",39716.9277091473,68.99,"male","white",17,33
"675",1013.14945943267,62.04,"female","white",14,82
"676",63549.4462474664,70.38,"male","white",16,45
"677",72559.7829905608,66.23,"female","white",16,47
"678",22225.1108881337,65.96,"male","white",12,27
"679",40739.3407716587,66.04,"female","white",14,41
"680",63629.7998156167,71.66,"male","white",12,46
"681",54097.4886990852,68.61,"male","white",12,39
"682",63563.485216593,65.94,"male","white",12,38
"683",55702.3014545118,69.1,"male","white",14,32
"684",20079.0535040621,59.9,"female","hispanic",12,55
"685",48710.9197381887,64.89,"female","white",17,47
"686",37562.0541780795,61.81,"female","white",12,44
"687",4169.61756189437,66.73,"female","white",12,34
"688",31923.2309000489,67.11,"male","white",14,29
"689",16911.0248263552,68.29,"female","black",9,66
"690",996.67215235483,64.96,"female","black",6,71
"691",96404.2353809042,65.97,"female","black",16,47
"692",19051.340409669,74.3,"male","black",16,45
"693",40745.0728919601,65.19,"female","white",18,65
"694",35966.4027951844,62.73,"female","black",14,77
"695",998.612844261211,61.64,"female","white",12,42
"696",12787.9070555997,67.82,"male","white",17,29
"697",4195.33627740169,65.65,"female","white",16,25
"698",30577.5151842098,64.93,"female","white",16,30
"699",32797.7152048203,62.44,"female","white",14,24
"700",158979.09115076,72.74,"male","white",18,41
"701",80508.0900964618,61.91,"female","white",15,44
"702",42906.4330216585,69.7,"male","white",12,46
"703",2609.64069289783,57.34,"female","black",12,62
"704",28564.2913953672,67.72,"male","white",12,24
"705",28025.9975550003,66.98,"female","white",14,27
"706",16886.8514579247,64.44,"female","white",12,78
"707",22206.6211632941,69.86,"male","white",14,39
"708",11491.8443763099,72.53,"male","white",14,70
"709",1023.98892050724,62.99,"female","other",8,56
"710",53464.7050486639,63.3,"female","white",17,43
"711",36578.6173669224,65.62,"male","white",12,38
"712",16888.7393946248,64.78,"female","white",12,45
"713",34939.3171908471,61.12,"male","white",12,28
"714",21659.5418912689,60.56,"female","hispanic",12,23
"715",53459.7469784682,66.74,"female","white",12,35
"716",57150.2428716162,72.79,"male","white",12,40
"717",16898.6413084924,71.17,"female","black",14,36
"718",10547.8916527515,64.19,"female","white",12,64
"719",20090.3525656537,67.44,"female","white",12,47
"720",16900.9336464029,61.76,"female","white",11,51
"721",34400.7901688741,67.26,"female","white",12,49
"722",41363.6776236564,69.02,"male","white",12,36
"723",35991.8855411288,65.97,"female","black",12,54
"724",37571.3742815177,65.72,"female","black",15,58
"725",31883.2552493761,66.22,"male","white",15,28
"726",16910.1847964277,65.99,"female","white",13,42
"727",24824.3894868874,63.89,"female","white",12,75
"728",11207.8912675841,71.87,"male","black",14,28
"729",24859.4210423322,63.83,"female","white",12,42
"730",987.477982853054,64.33,"female","white",12,64
"731",42339.8421394851,64.83,"female","white",16,38
"732",15961.4273011639,71.79,"male","white",11,35
"733",982.925263925835,63.12,"female","white",8,61
"734",4753.87988315343,71.2,"male","white",14,24
"735",43913.668813905,63.72,"female","hispanic",17,45
"736",45521.6194017236,64,"female","white",17,29
"737",24848.1063279448,66.95,"female","white",12,31
"738",87473.4075168657,75.04,"male","white",18,34
"739",32823.4149412493,65.68,"female","hispanic",17,30
"740",14525.0653532774,67.11,"female","white",12,48
"741",999.7960302637,68.09,"female","white",12,62
"742",47682.5461562175,71.41,"male","white",16,34
"743",1002.43982783669,61.88,"female","white",12,70
"744",32801.265467448,67.96,"female","white",12,35
"745",34947.9182367206,69.77,"male","white",6,79
"746",39823.374123275,67.17,"male","white",16,30
"747",977.095394374498,63.77,"female","white",16,66
"748",4758.44302121065,70.99,"male","white",8,26
"749",26437.6534741544,62.96,"female","white",12,53
"750",1012.99331167704,64.14,"female","white",12,61
"751",16878.8349959772,60.61,"female","black",12,43
"752",24854.9424481381,65.34,"female","black",12,32
"753",44513.8048948285,66.96,"male","white",12,50
"754",50014.1224657651,65.18,"male","white",14,39
"755",150967.87829962,66.3,"male","white",18,56
"756",60411.7997400031,66.64,"male","white",12,44
"757",47660.9252116808,73.89,"male","white",12,45
"758",57055.5653429877,73.95,"male","white",16,46
"759",20096.2174172541,66.07,"female","white",13,26
"760",16908.8113233328,69.12,"female","white",16,29
"761",72543.836019343,66.05,"female","white",18,48
"762",63581.3456537451,74.27,"male","white",16,60
"763",34293.320938979,71.96,"male","white",12,31
"764",22149.5427565164,66.26,"male","white",12,66
"765",60492.1212305534,67.04,"male","other",17,58
"766",2581.8704016655,64.79,"female","white",12,22
"767",22241.3709490266,65.29,"male","white",12,77
"768",24837.2986927913,64.98,"female","white",12,35
"769",1017.15996053443,62.58,"female","hispanic",12,67
"770",39167.7457051747,68.21,"female","white",13,46
"771",8161.62386130716,64.15,"female","white",16,27
"772",29627.8442660978,63.68,"female","white",16,67
"773",23260.5391564021,63.15,"female","white",12,24
"774",16903.3551430115,69.06,"female","white",12,32
"775",16108.242172076,66.91,"female","white",12,36
"776",18516.6837641757,63.1,"female","white",15,70
"777",27100.834976173,66.96,"male","white",12,71
"778",10559.4810739797,60.23,"female","white",13,32
"779",4972.0353918892,62.24,"female","white",11,62
"780",63505.6743924597,71.88,"male","white",16,45
"781",996.561743690155,67.74,"female","white",14,39
"782",39706.4175846121,66.88,"male","white",16,43
"783",45523.4974026761,66,"female","black",15,64
"784",53471.4323638042,66.07,"female","black",12,49
"785",7370.75164242468,59.64,"female","white",8,68
"786",981.628981126362,67.19,"female","white",12,33
"787",6528.93768232502,65.47,"male","white",16,34
"788",40752.142789777,69.11,"female","white",12,86
"789",50863.956748591,72.15,"male","white",12,32
"790",21674.3140627863,63.41,"female","white",8,62
"791",12698.1310972785,63.81,"male","hispanic",8,31
"792",987.960796526986,61.66,"female","other",17,30
"793",993.15806525758,64.93,"female","white",13,60
"794",28035.9398261196,64.08,"female","white",12,42
"795",24847.9216110984,67.41,"female","white",12,81
"796",28590.2219778065,65.71,"male","white",13,36
"797",19119.2497606979,73.4,"male","white",12,28
"798",11062.216631806,73.87,"male","white",7,53
"799",1006.76154115774,65.63,"female","white",12,28
"800",2909.93805759301,65.08,"female","white",14,26
"802",1000.22150357482,64.09,"female","white",12,22
"803",22329.158952236,62.91,"male","white",12,25
"804",28028.8492187587,62.85,"female","white",12,44
"805",47765.3406387636,66.04,"male","white",12,46
"806",66.5428358774727,72.38,"male","white",10,67
"807",39678.5326981348,70.12,"male","white",12,57
"808",35978.7787242601,66.07,"female","hispanic",12,37
"809",24857.016024841,62.92,"female","white",12,25
"810",42963.3620053351,72.94,"male","white",12,95
"811",32796.4245622424,63.26,"female","white",16,30
"812",15292.2967766704,68.74,"female","white",11,38
"813",994.593757949998,66.3,"female","white",14,28
"814",27055.6866263278,72.35,"male","white",12,34
"815",3843.76286582021,67.86,"female","white",12,50
"816",29620.1650898871,64.07,"female","white",12,50
"817",40742.5641452661,63.38,"female","white",18,46
"818",31844.6518626703,70.34,"male","black",16,45
"819",120240.278171623,63.8,"female","white",15,44
"820",6555.89914734581,66.3,"female","white",12,44
"821",58227.6431745198,60.76,"female","white",12,75
"822",47685.7793442066,72.2,"male","white",12,29
"823",40734.3058021157,64.77,"female","white",13,82
"824",2593.55740323646,63.79,"female","white",14,30
"825",95457.421242717,67.82,"male","white",12,70
"826",55645.5778949582,73.86,"male","white",13,80
"827",14214.3087953851,67.14,"male","white",13,37
"828",55712.3484320936,70.13,"male","white",9,88
"829",18488.0224412708,66.21,"female","white",10,62
"830",19131.3555361695,70.93,"male","white",12,56
"831",47724.5834057795,70.96,"male","white",12,47
"832",30251.8926549142,71.1,"male","black",7,61
"833",14176.3872529867,73.37,"male","white",9,65
"834",47779.8599237978,75.01,"male","white",16,33
"835",988.016236486753,62.18,"female","white",12,37
"836",14300.4605801796,71.72,"male","white",12,36
"837",24859.7960733726,65.36,"female","hispanic",16,34
"838",13712.5235224073,64.8,"female","black",12,35
"839",16884.77431914,65.91,"female","white",10,79
"840",52499.2752680738,72.14,"male","white",12,41
"841",20095.9029830232,59.98,"female","hispanic",12,32
"842",29623.7009005662,64.12,"female","white",15,41
"843",48698.5250501847,65,"female","white",13,65
"844",20884.8217696475,64.94,"female","white",12,36
"845",16892.8740662929,62.1,"female","black",12,40
"846",13622.6093393889,67.76,"male","black",13,75
"847",33357.2798994404,72.91,"male","black",14,50
"848",1003.35472447434,62.98,"female","white",12,33
"849",34397.6269652435,63.58,"female","white",12,81
"850",1000.47251325349,65.81,"female","white",13,28
"851",34389.1320382317,67.92,"female","white",17,29
"852",1003.70654303727,63.1,"female","white",13,43
"853",8951.3872765461,65.83,"female","white",12,56
"854",35977.614797689,70.85,"female","white",17,40
"855",47746.0565649852,72.99,"male","white",14,30
"856",1010.22903182616,64.17,"female","white",12,32
"857",196568.589166955,61.32,"female","white",14,62
"858",13720.6740585699,62.68,"female","white",9,49
"859",1012.3586518629,63.12,"female","white",9,58
"860",994.513680698742,61.78,"female","white",8,60
"861",4180.54604546177,64.29,"female","white",9,29
"862",13080.2480579603,67.15,"female","white",6,66
"863",1002.02384296223,66.59,"female","white",12,22
"864",992.171547840471,60.73,"female","white",18,49
"865",16908.1568753555,63.28,"female","white",12,29
"866",55636.6222369252,73.11,"male","white",12,52
"867",24852.5097234656,66.06,"female","white",16,61
"868",7368.26610617647,70.2,"female","white",12,26
"869",25499.5396603811,68.08,"male","white",8,28
"870",1314.20587405782,66.84,"female","white",12,37
"871",36623.3121917525,74.3,"male","white",16,29
"872",26425.9974604264,64.28,"female","white",16,31
"873",982.107472627729,61.11,"female","white",12,31
"874",996.918499717436,66.34,"female","white",12,56
"875",10560.7163277053,59.71,"female","white",12,53
"876",1939.87257570583,59.32,"female","white",9,50
"877",995.580464467877,62.15,"female","black",16,40
"878",996.243150686733,61.78,"female","black",14,65
"879",1003.80414608848,61.56,"female","white",12,29
"880",44447.4099566408,74.83,"male","other",16,38
"881",7371.86019531202,65.92,"female","white",8,70
"882",23907.5056799262,64.37,"male","white",12,39
"883",23797.7513516587,71.15,"male","white",12,29
"884",999.242958614164,60.96,"female","white",10,39
"885",40757.5684534422,63.02,"female","white",12,34
"886",24847.4599106837,67.2,"female","white",12,30
"887",63548.3136161029,69.24,"male","white",11,48
"888",47707.0118820173,69.64,"male","white",11,55
"889",8960.2545578515,66.11,"female","white",12,33
"890",55645.6818546773,73.98,"male","white",14,38
"891",26447.0035703518,65.03,"female","white",14,35
"892",45509.8650510557,63.49,"female","white",16,44
"893",31750.6770282697,68.1,"male","white",15,46
"894",33347.263714708,66.19,"male","white",13,34
"895",27048.7526856383,69.33,"male","black",12,46
"896",39167.6226009284,59.75,"female","white",13,54
"897",40742.7691523491,60.61,"female","white",12,79
"898",63566.2328416663,74.98,"male","white",12,50
"899",998.767187740165,63.01,"female","hispanic",9,27
"901",993.102442046512,66.14,"female","white",16,67
"902",13718.6298924513,63.71,"female","white",13,23
"903",31214.718656156,63.03,"female","hispanic",15,49
"904",72540.167389067,66.94,"female","white",16,73
"905",7847.48828249529,64.33,"male","black",17,37
"907",39165.6797373926,62.96,"female","black",14,44
"908",8939.87426566371,67.04,"female","white",14,23
"909",52519.6301914733,66.08,"male","white",16,38
"910",39148.2239673475,64.56,"female","white",14,28
"911",10524.3333363139,63.36,"female","white",13,27
"912",144086.409334098,65.88,"female","white",14,59
"913",980.298999532855,64.16,"female","white",16,49
"914",91628.4462828987,64.19,"female","white",18,51
"915",21922.3163311986,70.93,"male","white",14,58
"916",47648.579482433,70.72,"male","white",18,41
"917",23809.4477379481,71.85,"male","white",12,44
"918",24860.6466090689,59.96,"female","white",14,79
"919",49236.364512364,69.77,"male","white",12,33
"920",52421.8265274802,73.93,"male","white",17,44
"921",47707.8481763399,67.96,"male","white",18,65
"922",19150.3369351537,74.1,"male","white",12,42
"923",8012.3490716726,74.88,"male","white",12,26
"924",33388.2987658794,67.89,"male","white",12,63
"925",45529.9389713226,62.98,"female","white",18,50
"926",19031.9000979283,71.81,"male","white",12,35
"927",31207.4749542588,63.68,"female","white",12,50
"928",10557.2030414009,63.04,"female","white",14,39
"929",9431.11526131584,66.18,"female","white",13,64
"930",24852.9189798823,60.98,"female","white",13,32
"931",997.248534885182,61.73,"female","white",12,33
"932",27009.5096925429,72.76,"male","white",12,50
"933",8466.49445018308,66.1,"female","black",12,82
"934",1007.99494108658,68.26,"female","white",12,22
"935",16124.9628676755,62.28,"female","white",12,69
"936",2634.96424437502,65.16,"male","white",12,26
"937",990.082696774432,63.19,"female","white",14,47
"938",9576.38819748704,62.32,"female","white",12,35
"939",15892.2091978625,68.15,"male","white",12,35
"940",40744.8747647464,59.15,"female","white",15,87
"941",998.925444353651,62.21,"female","white",12,43
"942",1013.52477383429,64.5,"female","white",9,67
"943",56656.301330095,68.12,"female","white",16,47
"944",45523.58050729,62.53,"female","white",18,48
"945",67762.2226156826,63.24,"female","white",12,44
"946",71609.0662816366,67.85,"male","white",12,62
"947",88453.5952587809,63.83,"female","white",12,55
"948",58228.0853639499,69.89,"female","white",16,34
"949",39858.0562950258,69.96,"male","white",10,35
"950",30161.9293463618,72.16,"male","white",12,32
"951",60431.9169106581,69.34,"male","white",11,54
"952",24850.196030533,63.19,"female","white",14,41
"953",8162.68267176858,58.09,"female","white",5,89
"954",153635.749804599,62.98,"female","white",14,31
"955",18497.9558645746,63.11,"female","white",12,51
"956",14306.4307247277,72.86,"male","white",15,38
"957",8945.55105069553,68.91,"female","white",14,28
"958",79540.6463287231,69.52,"male","white",12,55
"959",1007.91101944059,65.89,"female","white",12,63
"960",984.047256808445,65.91,"female","white",16,66
"961",10537.4648191351,64.96,"female","white",13,48
"962",158930.467358879,72.38,"male","white",13,26
"963",27220.0059304223,62.05,"female","white",13,50
"965",50877.7761685217,71.69,"male","white",14,44
"966",47709.3292637674,73.13,"male","white",18,45
"967",16906.6360987587,68.19,"female","white",16,46
"968",1002.15389694231,63.62,"female","white",12,39
"969",24875.871655644,65.8,"female","white",12,23
"970",11339.3623934459,59.92,"female","white",8,87
"971",42345.881829433,60.31,"female","white",18,67
"972",28003.467467509,65.03,"female","white",12,63
"973",35979.2002268293,62.73,"female","other",18,63
"974",16904.9984512194,64.38,"female","white",12,45
"975",79523.4868411869,70.81,"male","white",14,62
"976",31790.3006737847,67.43,"male","white",12,39
"977",1002.45371064789,66.78,"female","white",13,63
"978",1641.84246580928,62.86,"female","white",12,35
"979",26433.7795557355,64.82,"female","white",14,63
"980",16876.3917770673,65.85,"female","white",12,70
"981",23262.3062737323,63.38,"female","white",13,62
"982",8935.22287731831,65.04,"female","white",15,24
"983",63570.4143675579,73.88,"male","white",16,38
"984",8930.78455644505,67.27,"female","white",13,59
"985",40751.7835298215,67.65,"female","white",17,51
"986",20091.5964444871,65.17,"female","white",12,55
"987",93232.672427805,63.72,"female","white",16,38
"988",29632.3100863834,67.94,"female","white",16,30
"989",1578.5428138958,64.53,"male","white",12,22
"990",33433.936468524,72.24,"male","white",17,51
"991",17505.4454560322,65.73,"male","black",12,66
"992",21663.0043154502,63.69,"female","white",12,40
"993",991.995620972514,63.63,"female","white",12,57
"994",32809.6326770138,59.61,"female","other",16,92
"995",39829.3235077431,72.52,"male","black",12,39
"996",1945.44501302122,63.78,"female","white",12,47
"997",39693.929061593,67.03,"male","black",14,30
"998",57292.9968450935,68,"male","white",12,32
"999",24854.1042055616,64.02,"female","other",13,37
"1000",6566.2571368786,66.16,"female","white",12,55
"1001",31215.7499939053,64.55,"female","white",16,38
"1002",98558.7781026767,70.02,"male","white",14,58
"1003",39773.2440613475,69.94,"male","white",12,46
"1004",79507.9870618854,65.79,"male","white",12,56
"1005",1002.60049928122,64.24,"female","white",12,32
"1006",1001.6664823116,66.3,"female","white",13,30
"1007",63533.3407303505,66.06,"male","white",12,65
"1008",41283.509070804,74.15,"male","white",18,30
"1009",35981.5108645561,62.35,"female","white",12,52
"1010",34393.3511714037,65.53,"female","white",17,43
"1011",10719.1973744773,61.53,"female","white",12,69
"1012",48700.4850032987,64.8,"female","black",18,68
"1013",10526.1893318709,63.02,"female","white",12,82
"1014",42872.2640087328,71.38,"male","white",16,33
"1015",7378.63016606156,66.01,"female","white",16,46
"1016",8026.64579441285,62.04,"female","other",6,76
"1017",999.878661556705,61.82,"female","white",12,80
"1018",8942.80671590728,62.97,"female","white",10,91
"1019",1020.85471771991,64.72,"female","white",9,79
"1020",71538.2893319736,67.4,"male","white",18,44
"1021",29637.2679715432,60.78,"female","white",14,49
"1022",10538.7447239525,65.8,"female","white",15,26
"1023",988.161628283781,61.2,"female","white",12,53
"1024",22252.8993931606,71.68,"male","white",12,28
"1025",56644.8967699588,69.27,"female","white",14,28
"1026",24852.1695267614,64.25,"female","white",16,33
"1027",20074.4189766833,62.75,"female","black",12,33
"1028",2600.43525202508,60.24,"female","white",12,51
"1029",50832.9187815009,69.42,"male","black",15,37
"1030",2396.14778671762,73.13,"male","white",12,23
"1031",5768.44503437889,65.09,"female","black",16,27
"1032",56642.4364407088,63.69,"female","white",12,46
"1033",990.807712176254,63.03,"female","white",12,49
"1034",998.671567646385,62.86,"female","white",16,33
"1035",111205.855063134,72.18,"male","white",15,52
"1036",34399.7622930359,66.98,"female","white",16,32
"1037",79576.5419400654,68.85,"male","white",11,22
"1038",23824.410492409,70.75,"male","white",9,25
"1041",15316.9897842259,65.87,"female","black",8,39
"1042",16906.2841715607,63.17,"female","black",14,29
"1043",1013.91240595871,65.3,"female","white",12,64
"1044",47740.831040028,70.88,"male","white",12,51
"1045",25452.1338955757,72.11,"male","white",14,25
"1046",31876.5784243398,67.72,"male","white",12,55
"1047",1003.37176812386,63.82,"female","white",12,49
"1048",158996.080700412,71.83,"male","white",17,58
"1049",16889.9869050085,65.61,"female","white",12,47
"1050",55635.3843796645,66.11,"male","white",14,67
"1051",12115.9173222928,64.71,"female","white",16,35
"1052",1007.2504839221,65,"female","white",12,66
"1053",1010.4634170377,66.17,"female","white",12,56
"1054",991.124467831543,64.87,"female","white",11,42
"1055",12721.3377336341,71.39,"male","black",14,31
"1056",17477.4743066582,74.38,"male","white",10,54
"1057",39764.5300001007,69.77,"male","white",9,51
"1058",40740.013906102,63.82,"female","white",14,49
"1059",47770.8224810453,69,"male","white",14,52
"1060",25.5073793326888,66.02,"male","white",12,30
"1061",77311.9389631547,62.62,"female","white",18,38
"1062",28041.3399828982,68.02,"female","white",12,50
"1063",1005.83847378064,70.7,"female","white",8,74
"1064",41433.6591116814,72.86,"male","white",16,28
"1065",16896.3080934012,63.35,"female","white",12,65
"1066",995.746579569306,65.19,"female","white",11,61
"1067",95351.2060008194,71.05,"male","white",18,57
"1068",35978.3615194746,65.36,"female","white",18,33
"1069",10861.0922840824,64.03,"female","white",13,87
"1070",39168.2941872203,65.22,"female","white",16,36
"1071",31789.2198043854,71.41,"male","white",14,44
"1072",12137.2448273531,69.85,"female","white",14,34
"1074",48688.9297482258,67.71,"female","black",16,52
"1075",37563.434273142,65.88,"female","white",18,32
"1076",32821.1936901775,63.71,"female","white",12,44
"1077",5780.073674992,66.19,"female","white",16,33
"1078",999.631035696323,62.82,"female","white",12,35
"1079",47782.6325430195,70.35,"male","white",16,45
"1080",20075.6765540308,64.23,"female","white",14,27
"1081",993.395992495505,66.15,"female","white",7,45
"1082",1025.01290254845,63.26,"female","white",10,41
"1083",63513.1027353022,71.25,"male","white",12,42
"1084",24859.9457977036,64.02,"female","white",14,27
"1085",58225.6117358599,62.42,"female","white",16,49
"1086",16889.6611198725,65.5,"female","white",12,57
"1087",995.554489598849,63.08,"female","white",11,69
"1088",21669.2484450363,67.98,"female","white",14,52
"1089",1009.76704604544,64.88,"female","white",12,63
"1090",1010.98136569577,60.61,"female","white",14,45
"1091",16894.2835398117,61.77,"female","black",12,31
"1092",47695.1950625972,68.89,"male","black",12,41
"1093",36593.6932422507,64.16,"male","white",13,36
"1094",31833.0641657761,69.63,"male","white",17,72
"1095",31216.472797982,64.6,"female","white",13,86
"1096",31818.0117641456,61.21,"male","black",11,70
"1097",44466.4806466349,63.44,"male","black",14,67
"1098",21681.934597577,65.14,"female","white",10,84
"1099",19119.584235378,63.61,"male","white",12,79
"1100",31760.3097497459,69.06,"male","white",11,27
"1101",39789.4734194548,73.88,"male","white",12,34
"1102",40735.5821116565,67.8,"female","white",13,56
"1103",1004.34436591698,67.65,"female","white",12,38
"1104",1014.45045553044,64.91,"female","white",14,45
"1105",29620.997007219,66.87,"female","white",16,44
"1106",988.565070198681,64.71,"female","white",12,22
"1107",995.374617537821,64.18,"female","white",18,50
"1108",10529.7506464015,62.09,"female","white",10,72
"1109",25427.4001595129,72.05,"male","white",13,27
"1110",71514.3289230531,73.05,"male","white",16,42
"1111",39806.8521692602,69.94,"male","white",14,73
"1112",20073.7156480621,63.99,"female","white",14,42
"1113",4160.53105497259,67.87,"female","white",12,22
"1114",16890.6172628713,62.86,"female","white",12,22
"1115",22286.8004109747,71.18,"male","white",12,40
"1116",24852.3361979281,64.41,"female","white",12,35
"1117",995.172315021961,67.35,"female","white",11,41
"1118",16901.8264738142,59.77,"female","white",12,43
"1119",2919.12600531874,65.51,"female","white",4,68
"1120",24850.8308644127,59.01,"female","white",14,66
"1121",16900.745158091,62.86,"female","white",13,68
"1122",3163.02291068586,66.3,"male","white",12,22
"1123",1006.01762644208,66.21,"female","white",12,39
"1124",7365.5038036505,64.7,"female","white",13,37
"1125",16894.0221460191,63.96,"female","white",14,36
"1126",3393.78999839327,65.78,"female","white",12,27
"1127",28624.1716370336,66.33,"male","hispanic",17,30
"1128",6396.29858419505,72.99,"male","white",15,28
"1129",44524.6055045838,71.76,"male","white",16,30
"1130",16913.9983227796,74.3,"female","white",14,26
"1131",5772.98208580172,65.06,"female","white",16,26
"1132",999.23673707007,63.53,"female","white",14,35
"1133",19020.2126342116,71.06,"male","white",12,25
"1134",31197.9028766208,68.08,"female","white",13,49
"1135",1008.02183926421,61.35,"female","white",12,37
"1136",57262.115767785,69.77,"male","white",16,43
"1137",12154.012468166,64.19,"female","white",16,63
"1138",56655.8520466265,59.16,"female","white",11,38
"1139",63508.2745013848,68.27,"male","white",18,47
"1140",23896.1225958883,68.31,"male","white",14,29
"1141",13717.6657412768,69.24,"female","white",13,47
"1142",40744.0142293539,69.02,"female","white",14,59
"1143",44511.8388677947,75.02,"male","white",18,42
"1144",35056.1897433602,68.75,"male","white",14,39
"1145",34166.1588166956,72.1,"male","black",13,28
"1146",5771.77114883749,68.35,"female","white",12,27
"1147",36577.5114386126,71.74,"male","white",13,32
"1148",28718.2050356153,71.88,"male","white",12,77
"1149",31709.3453051173,66.61,"male","white",16,75
"1150",26432.0238638548,63.23,"female","hispanic",12,50
"1151",23817.843746481,68.62,"male","white",12,30
"1152",85268.6446916847,62.85,"female","hispanic",17,36
"1153",41349.9483732802,71.99,"male","white",12,31
"1154",7364.53214004544,64.81,"female","other",12,32
"1155",15809.0448761028,72.98,"male","white",16,63
"1156",68330.0291746917,69.06,"male","white",12,55
"1157",27130.7019128214,69.07,"male","other",14,37
"1158",7363.69743087666,60.66,"female","hispanic",12,42
"1159",79485.8854920863,72.8,"male","white",15,52
"1160",88456.4731995184,67.03,"female","white",18,55
"1161",45507.9788477399,62.91,"female","white",16,45
"1162",998.429683373758,66.09,"female","white",12,52
"1163",8951.01665799154,61.87,"female","white",14,52
"1164",29614.9483149486,65.05,"female","white",13,53
"1165",33385.6491294888,71.65,"male","hispanic",15,66
"1166",20085.6872462914,66.91,"female","white",12,37
"1167",53481.8611190695,65.46,"female","hispanic",16,66
"1168",79582.9722445708,71.73,"male","hispanic",13,68
"1169",10543.0059825721,65.35,"female","hispanic",9,78
"1170",26433.4457319253,63.98,"female","white",14,63
"1171",55665.7385965739,67.76,"male","white",12,54
"1172",40750.9588661231,68.43,"female","white",12,47
"1173",31779.0524294819,75.89,"male","white",14,30
"1174",29618.6709435351,63.28,"female","white",12,40
"1175",54032.4163361492,73.66,"male","white",14,82
"1176",39720.1169340478,67.95,"male","white",16,29
"1177",31789.5496754198,72.13,"male","white",17,81
"1178",52556.6622479844,68.05,"male","white",12,73
"1179",7362.32469627059,65.15,"female","white",12,77
"1180",32821.7394367105,59.85,"female","white",8,81
"1181",63629.1436845868,71.62,"male","white",16,37
"1182",23272.6828309175,63.92,"female","white",14,44
"1183",20070.4266821973,68.19,"female","white",12,52
"1184",40752.7857873425,60.68,"female","white",12,35
"1185",112293.228459904,67.16,"female","white",10,76
"1186",61431.2358244234,67.35,"female","white",17,59
"1187",23273.0643236029,62.89,"female","white",12,32
"1188",1005.66857107228,63.08,"female","white",15,37
"1189",24867.3944914387,59.74,"female","white",13,41
"1190",27052.3145447836,74.2,"male","white",16,35
"1191",95353.794962225,69.22,"male","white",14,70
"1192",24862.3904718197,66.82,"female","white",15,73
"1193",39757.9472100514,64.79,"male","white",16,90
"1194",28612.7898884795,62.2,"male","hispanic",12,67
"1196",111285.63662324,72.19,"male","white",18,51
"1197",987.783751585589,66.04,"female","hispanic",11,53
"1198",48687.8484753642,65.16,"female","white",18,63
"1199",13713.7442426761,61.86,"female","white",12,55
"1200",47740.9784984125,70.87,"male","white",16,38
"1201",998.743384307228,62.2,"female","white",11,30
"1202",42941.4351052398,71.11,"male","white",14,36
"1203",74706.6532959308,70.24,"male","white",18,47
"1204",19037.4454862462,67.15,"male","hispanic",12,26
"1205",39157.7510357454,62.05,"female","white",17,38
"1206",21664.6599424119,63.05,"female","hispanic",12,39
"1207",128217.042224129,60.94,"female","white",14,41
"1208",7935.49480666059,71.42,"male","white",12,22
"1209",1001.90663270767,64.92,"female","white",12,32
"1210",40760.9115574943,63.15,"female","white",10,64
"1211",44533.1100039177,66.12,"male","white",12,48
"1212",13695.752850286,64.1,"female","white",15,24
"1213",16880.9998315911,65.96,"female","white",13,55
"1214",15296.7303638123,68.23,"female","white",14,45
"1215",32784.8272263708,60.26,"female","white",12,41
"1216",19053.5691050415,65.21,"male","white",12,75
"1217",24854.2306409617,64.69,"female","white",14,70
"1218",32789.3796661253,60.64,"female","white",14,40
"1219",45525.7374951262,64.01,"female","white",14,40
"1220",1432.29097374576,65.79,"female","white",15,25
"1221",55693.5517533498,68.99,"male","white",14,78
"1222",42341.556083029,65.93,"female","hispanic",14,36
"1223",43933.8280668161,66.67,"female","white",17,38
"1224",23263.2462506252,68.63,"female","white",12,34
"1225",50908.8970813513,65.76,"male","white",16,37
"1226",16906.3460390581,68.97,"female","white",14,36
"1227",11121.5282649971,69.72,"male","white",16,34
"1228",44492.4222581206,71.03,"male","white",17,50
"1229",95400.5609817628,73.8,"male","white",13,58
"1230",19050.8316923704,68.91,"male","white",4,66
"1231",1013.52622790713,65,"female","white",13,67
"1232",995.78153389181,65.21,"female","white",12,50
"1233",24857.5303329462,74.88,"female","white",13,79
"1234",23863.0123251893,71.57,"male","white",11,67
"1235",42322.0737112319,64.12,"female","white",15,36
"1236",992.885672062796,58.99,"female","black",12,47
"1238",41288.4230868218,71.91,"male","hispanic",16,29
"1239",30767.8461101159,63.23,"female","black",10,40
"1240",1001.49804266558,68.29,"female","black",12,26
"1241",20079.5574272996,63.8,"female","black",12,77
"1242",127226.599652973,69.95,"male","white",17,43
"1243",77309.5329351063,66.06,"female","white",13,43
"1244",28575.3855635215,62.05,"male","other",16,31
"1245",135137.686883976,70.25,"male","white",15,69
"1246",56657.6081257394,64.13,"female","black",12,51
"1247",8027.18531618615,68.63,"male","white",16,26
"1248",15309.4702056486,63.81,"female","hispanic",13,26
"1249",48708.1791232664,66.66,"female","white",16,31
"1250",127277.492490206,72.18,"male","white",14,62
"1251",56642.969612385,65.09,"female","white",16,36
"1252",20084.6692833515,62.95,"female","white",14,38
"1253",317949.127955061,70.24,"male","white",18,38
"1254",7375.92570936378,63.98,"female","white",16,49
"1255",3199.96325523417,68.07,"male","white",12,22
"1256",39169.1000544924,66.02,"female","white",18,73
"1257",3128.40045423806,65.48,"male","hispanic",15,27
"1258",23908.082328374,70.4,"male","white",17,34
"1259",10533.1039963861,61.49,"female","white",12,69
"1260",7869.85708849864,65.83,"male","white",12,79
"1261",3375.81930734894,65.86,"female","hispanic",12,25
"1262",45509.3990429654,63.86,"female","white",18,52
"1263",15290.2441182621,69.81,"female","white",12,39
"1264",95402.6598745111,74.25,"male","white",14,56
"1265",1889.14088316683,66.1,"male","white",12,23
"1266",3224.43607582189,62.09,"female","hispanic",3,68
"1267",12132.5027696978,65.95,"female","white",13,47
"1268",34398.5804366668,62.01,"female","white",12,35
"1269",69966.2128885529,68.9,"male","white",12,62
"1270",46143.8478216483,68.08,"male","black",16,40
"1271",4767.09597374661,72.33,"male","hispanic",14,22
"1272",19086.1244824656,64.04,"male","black",13,26
"1273",988.878651448201,64.1,"female","black",16,23
"1274",1000.68811662548,59.57,"female","hispanic",9,43
"1275",31859.9039539382,72.28,"male","hispanic",12,32
"1276",2912.61685643064,61.72,"female","black",5,77
"1277",58812.5554780609,74.52,"male","white",16,29
"1278",12721.5684022168,65.93,"male","other",10,64
"1279",55596.6235470168,68.04,"male","hispanic",16,34
"1280",39687.7203364583,61.89,"male","other",14,41
"1281",29600.80026329,71.22,"female","white",10,33
"1282",48698.5173261034,62.99,"female","black",16,40
"1283",31762.5194770489,68.73,"male","white",18,73
"1284",19176.3341880439,70.83,"male","hispanic",6,44
"1285",1003.94818935734,64.17,"female","hispanic",12,69
"1286",16898.1539759619,66.07,"female","white",12,72
"1287",28592.6154784873,72.31,"male","white",14,52
"1288",986.165728698769,62.46,"female","hispanic",15,63
"1289",31868.4793403152,71.49,"male","black",12,30
"1290",50293.3455419254,67.94,"female","white",16,47
"1291",9521.39185162996,64.41,"male","hispanic",10,40
"1292",1004.20977744948,64.37,"female","white",12,42
"1293",19095.2615453343,69.52,"male","white",13,44
"1294",21672.4590284355,65.56,"female","white",16,37
"1295",42342.1759299248,67.01,"female","white",17,38
"1296",24857.4413604567,67.82,"female","black",11,35
"1297",48694.1241676915,64.07,"female","white",17,32
"1298",4199.25482208603,65.01,"female","white",14,45
"1299",7876.23087159809,69.78,"male","other",13,26
"1300",85249.2838792362,71.28,"female","white",14,30
"1301",993.735798257432,63.83,"female","white",12,40
"1302",4159.03322157321,61.54,"female","white",13,22
"1303",39787.6214099871,70.48,"male","white",17,33
"1304",8056.63501215389,73.65,"male","white",12,22
"1305",34382.0740264456,64.86,"female","white",13,31
"1306",28038.3578937832,70,"female","white",15,31
"1307",20087.0438961784,63.81,"female","white",13,41
"1308",66771.7539282786,70.25,"male","hispanic",14,48
"1309",33417.5208538918,74.3,"male","white",12,37
"1310",10531.9881266657,63.14,"female","hispanic",12,69
"1311",994.515746507949,59.23,"female","hispanic",12,50
"1312",39790.7425975321,73.85,"male","white",14,28
"1313",5753.10762270653,66.17,"female","white",14,23
"1314",6722.68142995174,64.94,"female","white",15,71
"1315",6373.6175685778,70.59,"male","white",12,23
"1316",31879.3535269404,69.07,"male","white",14,62
"1317",82711.753363371,60.14,"male","white",15,54
"1318",96406.7613267083,64.37,"female","white",12,47
"1319",24839.6398412734,63.84,"female","white",13,45
"1320",143040.708851371,72.27,"male","white",16,54
"1321",42349.1938093216,61.38,"female","white",14,69
"1322",1013.28842229702,62.68,"female","hispanic",13,36
"1323",3153.35665292635,69.16,"male","white",12,25
"1324",26434.5026070359,66.82,"female","white",12,65
"1325",39165.9289402853,65.15,"female","hispanic",11,31
"1326",23905.6894085143,67.55,"male","hispanic",16,32
"1327",66770.3896483816,74.1,"male","white",17,47
"1328",1007.81676112648,62.35,"female","white",15,52
"1329",16902.2396528115,64.83,"female","white",12,47
"1330",27044.398985041,70.96,"male","hispanic",13,40
"1331",48702.1770934611,64.03,"female","white",14,38
"1332",1000.8856431763,64.92,"female","white",16,26
"1333",51874.2088709548,68.84,"female","white",17,41
"1334",58234.5809653042,63.6,"female","hispanic",17,38
"1335",15865.7268275005,71.9,"male","hispanic",13,24
"1336",32792.0539545984,63.12,"female","white",15,33
"1337",39160.158504899,64.93,"female","white",12,33
"1338",27043.6720522342,72.12,"male","white",12,36
"1339",37592.311734899,64.49,"female","white",14,52
"1340",40747.9655119059,63.91,"female","white",12,37
"1341",79603.4564638413,71.36,"male","white",12,54
"1342",1006.46990206972,63.48,"female","white",14,43
"1343",32793.912006464,61.82,"female","white",12,34
"1344",48693.2024538462,66.01,"female","white",16,37
"1345",12137.6764657013,63.95,"female","white",10,43
"1346",11176.0659373347,66.99,"male","white",10,82
"1347",47774.2522227392,67.79,"male","white",11,36
"1348",5761.17534334497,66.38,"female","white",12,28
"1349",32799.1446940046,65.97,"female","white",14,47
"1350",64607.9618716391,65.68,"female","white",16,63
"1351",15899.4031550977,67.02,"male","white",12,81
"1352",25361.8283789109,66.1,"male","white",12,41
"1353",18482.9571837826,63.27,"female","white",9,55
"1354",26432.8864567014,67.89,"female","white",13,47
"1355",28644.500098047,70.32,"male","white",12,31
"1356",20065.0827364581,62.98,"female","white",16,30
"1357",6354.84212675623,70.09,"male","black",14,25
"1358",95416.6067984548,71.92,"male","white",12,49
"1359",68428.9230580318,74.92,"male","white",17,44
"1360",50299.0512923305,61.97,"female","white",14,43
"1361",80518.409375972,67.98,"female","white",17,43
"1362",43919.8943431691,68.18,"female","white",14,33
"1363",47712.4409351132,69.85,"male","white",17,60
"1364",19182.6074308127,73.26,"male","black",13,25
"1365",987.26513123966,69.01,"female","white",16,43
"1366",32798.0511760252,62.37,"female","white",17,34
"1367",24849.1932942171,60.3,"female","black",12,80
"1368",40757.9350769351,64.17,"female","other",16,41
"1369",4184.2226846731,60.19,"female","hispanic",6,71
"1370",4755.73650797254,72.94,"male","hispanic",15,24
"1371",175901.453597818,65.9,"female","other",18,52
"1372",87473.9687783999,68.82,"male","white",18,75
"1373",92205.596105924,69.62,"male","white",18,57
"1374",16905.5578510981,70.08,"female","white",16,40
"1375",30173.3803632981,71.68,"male","white",12,33
"1376",24853.5195136729,61.31,"female","white",18,86
"1377",13710.6713116427,63.64,"female","white",12,37
"1378",95426.0144102907,71.65,"male","white",12,54
"1379",9575.46185684499,68.22,"male","white",12,31
